from_postcode,B152TH,B714HJ,BA13NG,BA214AT,BB23HH,BD96RJ,BH77DW,BL97TD,BN112DH,BN212UD,BN25BE,BR68ND,BS105NB,BS234TQ,CA27HY,CB20QQ,CF144XW,CF311RQ,CF479DT,CH21UL,CH495PE,CM17ET,CO45JL,CT13NG,CV22DX,CW14QJ,DA28DA,DE223NE,DH15TW,DN157BH,DN25LT,DT12JY,DY12HQ,E11BB,EX25DW,EX314JB,FY38NR,GL13NN,GU167UJ,HA13UJ,HP112TT,HR12ER,HU32JZ,HX30PW,IP332QZ,IP45PD,KT160PZ,KT187EG,L355DR,L97AL,LA144LF,LA14RP,LE15WW,LL137TD,LL185UJ,LL572PW,LN25QY,LS13EX,LU40DZ,M68HD,ME169QQ,MK65LD,NE14LP,NE236NZ,NG174JL,NG72UH,NN15BD,NP448YN,NR316LA,NR47UY,NW12BU,OX39DU,PE304ET,PE39GZ,PL68DH,PO196SE,PO305TG,PO63LY,PR29HT,RG15AN,RH15RH,RM70AG,S102JF,S445BL,SA148QF,SA312AF,SA612PZ,SA66NL,SE59RW,SG14AB,SK27JE,SN36BB,SO166YD,SO225DG,SP28BJ,SR47TP,SS00RY,SS165NL,ST46QG,SW170QT,SW66SX,SY231ER,TA15DA,TF16TF,TQ27AA,TR13LQ,TS198PE,TS43BW,WD180HB,WF14DG,WR51DD,WV100QP,YO318HE
B152TH,0,12.1,150.8,235,182,209.4,255.1,162.4,262.9,299.2,272.3,251,129,163.6,314.2,170.8,163.1,190.9,160.7,156.3,168.8,238.7,277.9,302.4,47.5,95.6,234.8,70.1,317.5,194.8,159.7,264.4,17.7,198,247.5,278.6,202.3,80.2,199.1,177.1,143.1,84.4,226.5,194.6,209.8,251.5,184.1,205.6,144.3,158.8,276.8,205.6,75.7,127.4,196.8,247.7,150.8,199.3,141.4,147.7,264,121.8,337.6,351.4,111.7,89.2,101.9,149.3,298.4,258.1,187.8,111.8,199.6,141.4,317.5,264.6,266.4,240.7,179.8,177,218.4,222.3,142.9,125,222.8,248.7,293,209.2,198.2,168.4,140.2,127.4,214.6,194.9,189,327.3,246.5,231.5,71.8,197.2,189.1,196.3,201.5,58.9,277.6,393.9,290.9,286.5,172,182.4,37.8,26.7,220.4
B714HJ,11.8,0,159.2,243.4,175.8,203.3,273.8,156.3,281.6,317.9,291,255.7,137.4,171.9,308.1,172.6,171.4,199.2,169,150.1,162.7,240.5,279.7,304.2,49.3,89.4,236.7,76.7,319.3,196.6,161.5,272.7,12.2,199.8,255.8,286.9,196.2,88.5,217.8,182.5,161.8,92.7,228.3,188.5,211.6,253.3,202.8,224.3,138.1,152.7,270.6,199.5,77.5,121.3,190.7,241.6,152.6,201.1,143.2,141.6,270.3,123.6,339.4,353.2,113.5,91,103.7,157.7,300.2,259.9,196.1,130.5,201.4,143.2,325.8,283.3,285.1,259.4,173.6,195.7,237.1,224.1,144.7,126.8,231.1,257,301.4,217.5,203,170.2,134,135.7,233.3,213.5,197.4,329.1,248.3,233.4,65.7,211.9,207.7,190.2,209.8,52.7,286,402.3,292.7,288.3,173.8,184.2,46.2,15.7,222.2
BA13NG,151.3,159.7,0,64.8,329.5,357,105.8,310,187.4,275.6,248.7,227.3,24.1,74.1,461.8,260.5,84.3,112.1,119.9,303.8,316.4,263.5,302.7,288.6,195.5,243.1,233,229.5,470.2,347.6,312.4,96.6,159.2,190.7,157.9,189,349.9,79.7,152.4,175.1,156.4,123.7,379.2,342.2,308.5,332.3,160.5,182,291.8,306.4,424.3,353.2,223.7,275,344.4,395.3,312.9,352,208.4,295.3,240.4,169.4,490.3,504.1,264.4,241.9,177.1,70.5,397.1,356.8,185.9,118.6,298.3,242.7,227.9,155.3,157,131.4,327.3,123.9,194.8,215.5,295.6,277.8,163.1,188.9,233.3,149.5,187,220.2,287.7,62.6,101.8,110.5,69.2,480,271.2,256.3,219.4,191.1,177.8,222.3,111.9,206.4,188.1,304.4,443.7,439.2,187,335.1,117,174.3,373.1
BA214AT,235.6,244,65.3,0,413.8,441.3,86.2,394.2,206.1,255.2,226.2,241.3,73.3,78.4,546,284.6,158.4,186.2,194,388.1,400.6,287.6,326.8,302.5,279.8,327.4,246.9,313.8,554.5,431.8,396.7,32.6,243.4,214.6,76.6,122.5,434.2,164,152.4,199.1,188.6,197.8,463.5,426.5,332.6,356.4,174.4,195.9,376.1,390.6,508.6,437.4,308,359.3,428.7,479.6,397.2,436.3,232.5,379.6,254.3,260.3,574.6,588.4,348.7,326.2,248.1,144.6,421.2,380.9,209.8,184.8,361.4,326.1,146.6,174,175.7,150.1,411.6,155.9,208.7,239.4,379.9,362,237.1,263,307.4,223.6,210.9,244.3,372,128,120.5,120.1,78.9,564.3,287.3,270.3,303.7,205,201.7,296.4,45.4,290.7,106.8,223,527.9,523.5,211.1,419.4,201.3,258.5,457.4
BB23HH,181.9,176.6,329.1,413.3,0,63,441.7,40.7,449.5,485.8,458.9,420.6,307.4,341.9,165,337.5,341.4,369.2,339,102.8,81.3,405.4,444.6,469.2,214.2,98.8,401.6,168.8,182.3,176.5,144.5,442.7,178.6,364.7,425.8,456.9,53.2,258.5,385.7,347.4,329.7,262.7,187,81.9,376.5,418.2,370.7,392.2,61.3,64.5,127.6,56.4,215.7,120.5,143.4,194.3,207.5,102.5,308.1,55.3,435.2,288.5,202.4,216.2,159.9,181.8,268.6,327.7,405.2,361.2,361,298.4,301,277.6,495.8,451.2,453,427.3,30.6,363.6,405,389,117.8,149,401.1,321,371.5,387.5,367.9,335.1,70.1,305.7,401.2,381.5,367.4,192.1,413.2,398.3,113.2,376.8,375.7,243,379.8,187.4,456,572.2,163.5,159.1,338.7,110.6,216.1,163.9,147.2
BD96RJ,207.9,202.7,355.2,439.4,63.2,0.3,430.6,62.2,420.6,457,430.1,385.9,333.4,368,172.1,262.4,367.5,395.3,365.1,128.9,141.4,330.4,349.4,434.4,201.5,124.8,366.8,137.9,168.2,100.5,68.5,468.8,204.6,330,451.9,483,130.8,284.5,356.8,312.6,318.6,288.7,111,15.2,301.4,343.1,341.9,363.4,97.8,112.3,134.7,134.1,173.1,146.6,169.5,220.4,131.4,18.6,273.3,70.7,400.4,253.8,188.3,202.1,109.9,131.8,233.8,353.7,329.2,285.2,326.2,287.3,225,201.5,521.8,441,453.7,416.2,108.3,352.5,376.2,354.2,71.9,99,427.1,347.1,397.6,413.6,333.2,272.3,73.7,331.8,390,370.3,398.7,178,378.4,363.5,139.3,342.1,334.1,269,405.8,213.5,482,598.3,141.7,137.2,304,34.5,242.2,190,71.2
BH77DW,255.2,276.2,106,86.4,440.7,430.7,0,421.1,132,181.1,152.1,201.5,204.8,161.6,572.9,244.8,255.3,283.1,291,415,427.5,247.8,287,262.7,242.1,354.3,207.1,309.7,535.3,412.6,377.5,51,275.6,174.8,137.4,205.7,461.1,196.4,112.6,159.3,148.9,262.5,444.3,437.8,292.8,316.6,134.6,156.1,403,417.5,535.5,464.4,265.2,386.2,455.6,506.5,354.6,417.1,192.7,406.5,214.5,220.5,555.4,569.2,329.5,307,216.3,241.6,381.4,341.1,170,153,321.6,286.3,207.3,99.9,101.6,76,438.5,116.1,169,199.7,360.7,342.8,334.1,360,404.3,320.5,171.1,204.6,398.9,141.5,46.4,60.3,39.7,545.1,247.6,230.5,330.6,165.2,161.9,393.3,128.6,317.6,167.5,283.8,508.7,504.3,171.3,400.2,234,285.4,438.2
BL97TD,161.4,156.2,308.7,392.9,40.4,55.5,421.3,0.2,429.1,465.4,438.5,400.2,286.9,321.5,196.2,297.2,320.9,348.8,318.6,82.4,94.9,385,384.3,448.7,193.8,78.3,381.1,148.4,203.1,135.3,103.3,422.3,158.1,344.3,405.4,436.5,84.3,238,365.2,327,309.3,242.2,145.8,40.7,336.3,378,350.3,371.8,51.3,65.8,158.8,87.6,195.2,100.1,123,173.8,166.3,61.3,287.6,24.2,414.7,268.1,223.2,237,144.8,166.6,248.2,307.2,364,320,340.5,278,259.9,236.4,475.3,430.8,432.6,406.9,61.8,343.2,384.6,368.5,83.2,133.8,380.6,300.5,351.1,367.1,347.5,314.7,35.5,285.3,380.7,361,346.9,212.9,392.8,377.8,92.8,356.4,355.2,222.5,359.3,167,435.5,551.8,176.5,172.1,318.3,69.4,195.7,143.4,106
BN112DH,262.8,283.8,187.5,206.2,448.4,420.4,131.5,428.8,0,54.3,25.3,102.9,246.2,286.5,580.6,200.5,296.7,324.5,332.4,422.7,435.2,153.1,192.3,164.1,246.8,362,108.5,299,525,402.3,367.2,170.8,283.2,126.4,257.2,312.3,468.7,237.8,104.2,115,124.3,303.9,434,427.5,240.3,221.9,82.5,66.4,410.7,425.2,543.2,472,254.9,393.8,463.2,514.1,344.3,406.8,148.5,414.1,115.9,176.2,545.1,558.9,319.2,296.7,200.4,283,328.8,288.6,103.2,161.1,279.6,242,327.1,32.5,84.9,59.1,446.2,120.2,65.9,133.5,350.4,332.5,375.5,401.4,445.7,361.9,94.1,160.3,406.6,182.9,89.6,101.7,122.4,534.8,148.9,131.9,338.2,94.7,86.5,434.7,235.1,325.3,287.3,403.6,498.4,494,127.1,389.9,280.8,293.1,427.9
BN212UD,299,320,274.4,255.4,484.6,456.7,180.7,465,54.2,0,37.1,88.4,279.8,320.1,616.8,186,330.3,358.2,366,458.9,471.4,138.6,177.8,103.1,283.1,398.2,94,335.2,561.2,438.6,403.4,219.9,319.5,111.9,306.3,361.4,505,271.5,140.4,151.3,160.6,337.5,470.2,463.8,225.8,207.4,118.8,104,446.9,461.4,579.4,508.2,291.2,430.1,499.5,550.4,380.6,443,184.7,450.3,76.6,212.5,581.4,595.1,355.4,333,236.6,316.6,314.3,274.1,118.7,197.4,265.1,252,376.2,81.6,134,108.2,482.4,156.4,81.3,119,386.6,368.8,409.1,435,479.4,395.6,109.5,196.5,442.8,216.6,138.7,150.9,171.6,571,134.4,117.4,374.4,110.1,117.5,468.4,284.3,361.5,336.4,452.7,534.7,530.2,163.3,426.2,317.1,329.3,464.2
BN25BE,272,293,247.4,226.4,457.5,429.6,151.7,437.9,25.2,37.3,0,91.2,252.8,293,589.7,188.8,303.3,331.1,338.9,431.8,444.3,141.5,180.7,152.4,256,371.1,96.9,308.1,534.1,411.5,376.3,190.9,292.4,114.7,277.3,332.4,477.9,244.4,113.4,124.2,133.5,310.5,443.1,436.7,228.6,210.3,91.7,76.9,419.8,434.3,552.3,481.2,264.1,403,472.4,523.3,353.5,416,157.6,423.3,104.3,185.4,554.3,568.1,328.4,305.9,209.5,289.5,317.2,276.9,91.6,170.3,268,251.2,347.2,52.6,105.1,79.2,455.3,129.3,54.2,121.9,359.6,341.7,382,407.9,452.3,368.5,82.4,169.4,415.7,189.5,109.8,121.9,142.6,543.9,137.3,120.3,347.4,83,90.4,441.3,255.3,334.4,307.4,423.7,507.6,503.2,136.2,399.1,290,302.2,437.1
BR68ND,251.6,255.2,227,241.4,420.5,386.1,201.3,400.9,103.6,118.3,91.4,0,232.4,272.7,552.7,115.1,282.9,310.7,318.5,394.8,407.3,67.7,106.9,88.4,212.5,334.1,23.1,264.7,490.7,315.6,332.9,240.5,268.9,26.2,356.5,387.6,440.8,224,93,41.9,113.1,290.1,342.1,393.2,154.8,136.5,71.3,56.5,382.8,397.3,515.3,444.1,220.6,365.9,435.4,486.2,274.7,372.5,114.1,386.2,43.9,141.9,510.8,524.6,284.9,262.4,166.1,269.1,243.4,203.2,32.8,149.9,194.2,181.1,426.5,125.3,167.6,141.8,418.3,108.9,42.6,48.1,316.1,298.2,361.7,387.6,431.9,348.1,20.2,109.7,378.7,169.1,160.7,144.4,192.2,500.5,63.5,46.5,310.3,22.4,26,434.9,310.5,297.4,386.7,503,464.1,459.7,101.1,355.6,269.6,265.2,393.6
BS105NB,128.1,136.4,30.3,78.6,306.2,333.7,203.8,286.7,245.4,279.7,252.8,231.4,0,43.8,438.5,264.6,60.7,88.5,96.4,280.6,293.1,267.6,306.8,292.6,172.2,219.8,237.1,206.2,446.9,324.3,289.1,144.6,135.9,194.8,127.7,158.8,326.6,56.4,156.5,179.2,160.5,100.1,355.9,318.9,312.6,336.4,164.6,186.1,268.5,283.1,401,329.9,200.4,251.7,321.1,372,289.6,328.7,212.5,272,244.5,173.5,467,480.8,241.1,218.7,181.2,47,401.2,360.9,190,122.7,324.2,266.1,197.7,213.3,215.1,189.4,304.1,128,198.9,219.6,272.3,254.5,139.5,165.4,209.7,125.9,191.1,224.3,264.4,66.7,163.3,143.6,99.3,456.7,275.3,260.4,196.1,195.2,181.9,198.7,81.7,183.1,157.9,274.1,420.4,415.9,191.1,311.8,93.7,151,349.9
BS234TQ,163.5,171.9,74,78.4,341.7,369.2,161.5,322.1,286.9,321.2,294.3,272.9,49.6,0,473.9,306.1,86.2,114.1,121.9,316,328.5,309.1,348.3,334.2,207.7,255.3,278.6,241.7,482.4,359.7,324.6,107.8,171.3,236.3,90.9,122,362.1,91.9,198,220.7,202,125.6,391.4,354.4,354.1,377.9,206.1,227.6,304,318.5,436.5,365.3,235.8,287.1,356.6,407.5,325.1,364.2,254,307.4,286,215,502.5,516.3,276.6,254.1,222.7,72.5,442.7,402.4,231.5,160.2,359.7,301.6,160.9,254.8,256.6,230.9,339.5,169.5,240.4,261.1,307.8,289.9,165,190.9,235.3,151.4,232.6,265.8,299.9,108.2,204.8,185.1,108.9,492.2,316.8,301.9,231.5,236.7,223.4,224.3,44.9,218.6,121.1,237.4,455.8,451.4,232.6,347.3,129.2,186.4,385.3
CA27HY,314.4,309.2,461.7,545.9,164.8,172.4,574.3,195.7,582,618.4,591.5,553.2,439.9,474.5,0,424,473.9,501.8,471.5,235.4,213.9,538,511.1,601.7,346.8,231.3,534.1,301.4,118.3,262.3,230.1,575.3,311.1,497.3,558.3,589.4,162.9,391,518.2,479.9,462.3,395.2,272.8,228,463,504.8,503.3,524.7,193.8,197,137.2,112,348.2,253.1,276,326.8,293.1,208.7,440.6,190,567.7,421.1,97.4,106,280.3,302.1,401.2,460.2,490.8,446.8,493.5,431,386.6,363.2,628.3,583.8,585.5,559.9,140.3,496.2,537.6,521.5,253.6,269.3,533.6,453.5,504.1,520,500.5,467.7,210.3,438.2,533.7,514,499.9,116.3,545.8,530.8,245.8,509.4,508.2,375.5,512.3,320,588.5,704.8,154.7,156.4,471.3,216.2,348.7,296.4,190.6
CB20QQ,170.9,172.3,260.7,285.3,337.6,263.3,245.2,304.2,200.1,214.8,188,114.5,266.1,306.4,424.1,0,316.6,344.5,326.1,311.9,324.4,75.8,94.8,163,129.6,251.2,95.4,181.6,359.1,208.5,201.3,284.4,185.9,87,390.3,421.4,357.9,245.5,136.9,88.3,118.4,249.7,235,270.4,54.7,96.4,121.9,157,299.9,314.4,432.4,361.2,117.9,283,352.5,403.3,167.6,249.7,69.2,303.3,129,79.3,379.2,393,175,158.1,94.3,302.9,143.3,103,94.1,155.2,75.7,74,460.3,221.8,304,207.9,335.4,142.6,139.1,82.8,210.8,215.2,395.4,421.3,465.7,381.8,95.8,42,295.8,202.9,204.6,188.3,236.1,368.9,107.1,92.1,227.4,101.9,102.8,351.9,344.3,214.5,420.5,536.8,455,328.1,83.1,238.2,203.2,182.3,262
CF144XW,162.8,171.2,84.1,158.2,341,368.4,255.5,321.4,297.1,331.3,304.4,283.1,62.1,86.8,473.2,316.2,0,31.4,39.2,315.3,327.8,319.2,358.4,344.3,207,254.6,288.7,240.9,481.6,359,323.8,187.6,170.6,246.4,170.7,201.8,361.3,101.8,208.1,230.9,212.2,90,390.6,353.7,364.2,388,216.2,237.7,303.3,317.8,435.8,364.6,235.1,220,355.9,290.4,324.4,363.5,264.2,306.7,296.1,225.1,501.8,515.6,275.9,253.4,232.8,26.1,452.8,412.5,241.6,170.2,359,300.9,240.7,265,266.7,241.1,338.8,179.6,250.6,271.2,307.1,289.2,82.4,108.3,152.6,68.8,242.7,276,299.2,118.3,214.9,195.2,150.9,491.4,327,312,230.8,246.8,233.5,173.7,124.6,217.9,200.8,317.1,455.1,450.7,242.7,346.6,128.4,185.7,384.6
CF311RQ,191.1,199.5,112.5,186.6,369.3,396.8,283.8,349.7,325.4,359.7,332.8,311.4,90.4,115.1,501.5,344.5,31.7,0.2,60.3,343.6,356.1,347.5,386.8,372.6,235.3,282.9,317.1,269.3,510,387.3,352.2,216,198.9,274.7,199,230.1,389.7,130.2,236.4,259.2,240.5,118.4,419,382,392.6,416.4,244.6,266.1,331.6,346.1,464.1,393,263.5,248.3,384.2,311.5,352.7,391.8,292.5,335.1,324.5,253.5,530.1,543.9,304.2,281.7,261.1,54.5,481.2,440.9,269.9,198.5,387.3,329.2,269,293.3,295.1,269.4,367.1,208,278.9,299.6,335.4,317.6,54.4,80.3,124.6,40.8,271.1,304.3,327.5,146.6,243.2,223.5,179.3,519.8,355.3,340.4,259.2,275.2,261.9,154.5,153,246.2,229.2,345.5,483.4,479,271.1,374.9,156.8,214,412.9
CF479DT,160.2,168.6,119.5,193.6,338.4,365.8,290.8,318.8,332.4,366.7,339.8,318.5,97.5,122.2,470.6,327.6,38.6,60.9,0,207.7,237.1,354.6,393.8,379.7,204.3,252,324.1,238.3,479,356.4,321.2,223,168,281.8,206.1,237.2,358.7,99.2,243.5,266.3,247.5,69,388,351,366.6,423.4,251.6,273.1,300.7,315.2,433.2,362,232.5,187.4,247.2,255.8,321.8,360.8,299.5,304.1,331.5,263.8,499.1,512.9,273.2,250.8,251.7,49.9,455.2,414.9,277,192.9,356.4,298.2,276,300.3,302.1,276.4,336.2,215,285.9,306.6,304.4,286.6,63.7,89.6,134,50.1,278.1,311.3,296.6,153.7,250.3,230.6,186.3,488.8,362.4,347.4,228.2,282.2,268.9,139.2,160,215.3,236.2,352.5,452.5,448,278.1,343.9,125.8,183.1,382
CH21UL,156.2,151,303.5,387.7,101.8,129.2,416.1,82.2,423.8,460.2,433.3,395,281.7,316.3,234,311.8,315.7,343.6,207.3,0.2,29.6,379.8,419,443.5,188.6,43.7,375.9,143.2,276.8,209,177,417.1,152.9,339.1,400.2,431.3,122.1,232.8,360,321.7,304.1,152.7,219.5,114.4,350.9,392.6,345.1,366.6,41.3,53.4,196.6,125.4,190,22.4,54,104.9,199.7,135,282.4,67.5,409.5,262.9,296.9,310.7,178.1,173.2,243,211.1,439.4,399.2,335.3,272.8,293.3,282.5,470.1,425.6,427.4,401.7,99.6,338,379.4,363.3,129.2,124.3,230.8,222.9,273.4,251.8,342.3,309.5,68.5,280,375.5,355.8,341.7,286.6,387.6,372.6,87.6,351.2,350,158.8,354.1,71.8,430.3,546.6,250.2,245.8,313.1,143.1,190.5,102.1,179.7
CH495PE,169,163.7,316.2,400.4,80.3,125.2,428.8,78.1,436.6,472.9,446,407.7,294.4,329,212.6,324.6,328.5,356.3,236.8,30,0,392.5,431.7,456.2,201.3,66.1,388.7,155.9,272.7,205,173,429.8,165.7,351.8,412.9,444,100.7,245.6,372.8,334.5,316.8,182.2,215.5,110.4,363.6,405.3,357.8,379.3,32.8,21.8,175.1,104,202.8,52,64.7,115.5,212.4,130.9,295.2,63.5,422.3,275.6,292.8,306.6,190.8,185.9,255.7,314.7,452.2,411.9,348.1,285.5,306,295.2,482.9,438.3,440.1,414.4,78.1,350.7,392.1,376.1,141.9,137.1,260.3,252.4,302.9,281.3,355,322.2,81.2,292.8,388.3,368.6,354.5,282.5,400.3,385.3,100.3,363.9,362.7,164.2,366.9,97.6,443.1,559.3,246.2,241.7,325.8,139,203.2,151,175.7
CM17ET,239.4,240.8,264.3,288.9,406.1,331.2,248.8,386.5,153.6,168.3,141.4,67.9,269.7,310,538.3,75.8,320.2,348.1,355.9,380.4,392.9,0,44.5,116.5,198.1,319.7,48.9,250.3,426.9,276.3,269.2,288,254.5,55.4,393.9,425,426.5,232.9,140.5,83,122,318.3,302.8,338.3,67.1,74.1,121.3,106.6,368.4,382.9,500.9,429.7,206.2,351.6,421,471.9,235.4,317.6,99.8,371.8,82.5,127.5,447.1,460.9,270.5,248,151.7,306.5,150.6,163.9,62.6,158.8,154.9,141.8,463.9,175.3,217.6,191.8,403.9,146.2,92.6,36.2,301.7,283.8,399,424.9,469.3,385.4,64.2,95.4,364.3,206.5,208.2,191.9,239.7,436.7,36.1,35.3,295.9,70.3,90.2,420.5,347.9,283,424.1,540.4,400.4,395.9,86.7,306.1,271.7,250.8,329.9
CO45JL,275.7,277.1,300.7,325.2,442.4,348,285.1,389,189.9,204.6,177.7,104.3,306,346.3,508.8,92.7,356.6,384.4,392.2,416.7,429.2,41.9,0.7,152.8,234.4,356,85.2,286.6,443.8,293.2,286.1,324.3,290.8,91.7,430.2,461.3,462.8,269.3,176.8,119.3,158.3,354.6,319.7,355.2,66.1,34.9,157.6,142.9,404.7,419.2,537.2,466.1,202.6,387.9,457.3,508.2,252.3,334.4,136.1,408.2,118.8,163.8,463.9,477.7,259.7,242.9,188,342.8,111.4,95.7,98.9,195.1,135.1,158.7,500.2,211.6,254,228.1,440.2,182.5,128.9,72.5,295.5,320.2,435.3,461.2,505.6,421.8,100.5,131.7,400.6,242.8,244.5,228.2,276,453.6,65.1,64.3,332.3,106.7,126.5,456.8,384.2,319.3,460.4,576.7,417.3,412.8,123,322.9,308.1,287.1,346.8
CT13NG,302.5,303.9,283,297.4,469.2,434.8,257.3,449.6,159.6,102.9,147.4,87.3,288.4,328.7,601.4,163.7,338.9,366.7,374.6,443.5,456,116.4,155.6,0,261.2,382.8,67.7,313.3,539.3,364.3,381.5,296.5,317.5,94.3,412.5,443.6,489.5,280,149,118,169.1,346.1,390.8,441.9,203.5,185.2,127.3,112.5,431.5,446,564,492.8,269.3,414.6,484.1,534.9,323.4,421.2,162.8,434.9,50.6,190.6,559.5,573.3,333.6,311.1,214.7,325.1,292.1,251.8,101,205.9,242.9,229.8,482.5,181.3,223.6,197.8,467,164.9,98.6,96.8,364.8,346.9,417.7,443.6,487.9,404.1,94.5,158.4,427.4,225.1,216.7,200.4,248.2,549.1,112.2,95.2,359,118.7,104.4,483.5,366.5,346.1,442.7,559,512.8,508.4,149.7,404.3,325.6,313.9,442.3
CV22DX,47,48.4,192.4,276.6,213.7,199.8,241.8,194.2,247.5,283.8,256.9,212.7,170.6,205.1,346,129.5,204.6,232.4,202.2,188.1,200.6,197.5,236.7,261.2,0,127.3,193.6,78.3,304.3,181.7,146.5,281,62.1,156.8,289,320.1,234.1,121.7,183.7,139.4,129.8,125.9,213.3,206.9,168.5,210.3,168.7,190.2,176,190.6,308.5,237.4,34.4,159.2,228.6,279.5,123.7,186.2,100.1,179.5,227.2,80.6,324.5,338.3,98.6,76.1,60.7,190.9,257.1,216.9,153,98.5,158.3,100.2,359,251.3,253.1,227.4,211.6,163.7,203,181,129.8,111.9,264.3,290.2,334.6,250.7,160,127.2,171.9,120.6,201.2,181.5,209.9,314.1,205.3,190.3,103.6,168.9,160.9,228.1,243,90.6,319.2,435.5,277.8,273.4,130.8,169.3,79.4,58.5,207.3
CW14QJ,95.5,90.2,242.7,327,98.7,126.2,355.4,79.2,363.1,399.4,372.5,334.2,221,255.5,231,251.1,255,282.8,252.6,43.7,65.8,319,358.3,382.8,127.9,0,315.2,79.5,273.7,206,147.9,356.3,92.2,278.3,339.4,370.5,119.1,172.1,299.3,261,243.4,176.3,216.5,111.4,290.1,331.8,284.3,305.8,61,75.6,193.5,122.4,126.3,45.9,89.8,140.7,173.8,132,221.7,64.5,348.8,202.2,293.9,307.7,114.4,109.5,182.2,241.3,378.7,338.4,274.6,212.1,279.9,221.7,409.4,364.9,366.6,340.9,96.5,277.2,318.7,302.6,117.6,127.8,314.7,240.1,384.9,301.1,281.5,248.7,56.9,219.3,314.8,295.1,281,283.5,326.8,311.9,26.8,290.4,289.3,176,293.4,55.6,369.6,485.9,247.2,242.7,252.3,140.1,129.8,77.5,176.7
DA28DA,235.2,236.6,232.3,246.8,401.9,367.5,206.6,382.3,108.9,123.6,96.7,23.3,237.7,278,534.1,96.5,288.2,316,323.9,376.2,388.7,49.1,88.3,67.9,193.9,315.5,0,246.1,472.1,297,314.3,245.9,250.3,29.4,361.9,393,422.3,229.3,98.3,78.8,118.5,295.4,323.5,374.6,136.3,117.9,76.6,61.9,364.2,378.7,496.7,425.5,202,347.3,416.8,467.7,256.1,353.9,95.6,367.6,33.9,123.3,492.2,506,266.3,243.8,147.5,274.5,224.8,184.6,36,155.2,175.6,162.5,431.8,130.6,173,147.1,399.7,114.3,47.9,29.5,297.5,279.6,367,392.9,437.3,353.4,29.6,91.2,360.1,174.5,166,149.8,197.5,481.9,44.9,27.9,291.7,37.5,39.4,416.3,315.8,278.8,392,508.3,445.5,441.1,82.5,337,267.5,246.6,375
DE223NE,68.9,62,227.6,311.8,169,138.3,308.3,149.4,300.1,336.4,309.5,265.3,205.8,240.4,301.2,182.1,239.8,267.7,237.4,143.3,155.8,250.1,289.3,313.8,80.8,82.6,246.2,0,242.9,120.3,85.1,341.2,79.3,209.4,324.2,355.3,189.3,156.9,236.3,192.1,196.3,161.1,151.9,145.5,221.1,262.8,221.3,242.8,131.3,145.8,263.8,192.6,52.6,122,183.9,234.7,94,124.7,152.8,134.7,279.9,133.2,263,276.8,37.1,25.5,113.3,226.1,309.7,269.4,205.7,165,157.3,120.9,394.2,320.5,319.5,293.9,166.8,230.2,255.7,233.7,68.3,50.5,299.5,325.4,369.8,285.9,212.6,179.8,127.2,204.1,267.7,248,276.4,252.7,257.9,242.9,54.5,221.5,213.6,227.3,278.2,89.8,354.4,470.7,216.4,211.9,183.4,107.8,114.6,64.6,145.9
DH15TW,318,319.4,470.2,554.4,182.8,141.7,535.8,210,525.8,562.1,535.2,465.6,448.5,483,117.5,358.8,482.5,510.3,480.1,276.6,289.1,426.9,445.9,514.1,306.7,272.6,446.5,243.1,0,197.1,165,575,333.1,435.1,566.9,598,196,399.6,462,417.8,423.8,403.8,207.7,176.1,397.9,439.6,447.1,468.5,245.6,260.1,170.4,145.2,278.3,294.3,317.2,368.1,227.9,143.5,378.5,218.4,480.1,358.9,26.8,40.6,215.1,237,339,468.8,425.6,381.6,431.4,392.5,321.5,298,636.9,546.2,558.9,521.4,173.5,457.6,481.4,433.9,188.5,204.2,542.2,568.1,612.4,528.6,438.3,368.7,221.4,446.8,495.2,475.5,503.9,21,458.2,443.2,287,447.2,439.3,416.8,520.9,331.6,597.1,713.4,37.3,53.3,409.1,151.1,357.3,306.4,125.4
DN157BH,194.3,195.7,346.5,430.7,176.5,100.8,412,141.8,402.1,438.4,411.5,320.8,324.7,359.3,262,214.1,358.7,386.6,356.4,208.4,221,282.1,301.1,369.3,183,204.4,301.7,119.3,196.9,0,39.1,451.3,209.3,311.4,443.2,474.3,210.4,275.8,338.3,294.1,300,280,53.1,108,253.1,294.8,323.3,344.8,177.4,191.9,284.8,213.6,154.5,226.2,249,299.9,53.1,87.2,254.7,150.2,335.3,235.2,217.1,230.9,91.4,113.2,215.3,345,259.2,215.2,307.6,268.7,155,153.2,513.1,422.4,435.1,397.6,187.8,333.9,357.6,289.2,73.9,80.4,418.4,444.3,488.7,404.9,314.6,223.9,153.2,323.1,371.5,351.7,380.1,206.7,313.4,298.4,172.6,323.5,315.6,345.4,397.1,207.9,473.3,589.6,170.4,166,285.4,75.7,233.5,182.6,81.9
DN25LT,159.6,161,311.8,396,145.3,69.6,377.4,110.5,367.4,403.7,376.8,307.3,290.1,324.6,230.4,200.5,324.1,351.9,321.7,177.2,189.7,268.5,287.6,355.8,148.3,147.5,288.2,84.7,165.4,39.7,0,416.6,174.7,276.7,408.5,439.6,179.1,241.2,303.6,259.4,265.4,245.4,71.3,76.7,239.5,281.3,288.6,310.1,146.1,160.6,253.6,182.4,119.9,194.9,217.8,268.6,69.6,56,220.1,119,321.8,200.5,185.5,199.3,56.7,78.6,180.6,310.4,267.3,223.3,273,234.1,163.1,139.7,478.5,387.8,400.5,363,156.6,299.2,323,275.6,39.2,45.8,383.8,409.7,454,370.2,279.9,210.4,98.8,288.4,336.8,317.1,345.5,175.2,299.8,284.9,137.9,288.8,280.9,310.7,362.5,173.2,438.7,555,138.8,134.4,250.7,44.5,198.9,148,68.3
DT12JY,265.1,273.5,97,32.7,443.3,470.7,50.8,423.7,170.7,219.9,190.8,240.2,105,107.9,575.5,283.5,187.8,215.6,223.5,417.6,430.1,286.5,325.7,301.4,280.8,356.9,245.9,343.2,574,451.3,416.2,0,272.9,213.5,85.6,152,463.6,193.4,151.3,198,187.6,227.2,483,455.9,331.6,355.3,173.4,194.8,405.6,420.1,538.1,466.9,303.9,388.7,458.2,509,393.3,455.8,231.5,409,253.3,259.2,594.1,607.9,368.2,345.7,255,174.1,420.1,379.9,208.7,191.7,360.3,325,155.5,138.6,140.4,114.7,441.1,154.8,207.7,238.4,399.4,381.5,266.6,292.5,336.8,253,209.8,243.3,401.5,124.7,85.1,99,64.1,583.8,286.3,269.2,333.1,204,200.7,325.8,74.8,320.2,115.7,232,547.4,543,210.1,438.9,230.7,288,476.9
DY12HQ,17.6,12,158.7,242.9,177.8,205.3,273.4,158.2,281.2,317.5,290.6,268.5,137,171.5,310,185.3,171,198.8,168.6,152.1,164.6,253.3,292.5,317,62.1,91.4,249.4,78.7,319.5,196.8,161.6,272.3,0,212.6,255.4,286.5,198.2,88.1,217.4,195.4,161.4,92.3,228.4,190.5,224.3,266.1,202.4,223.9,140.1,154.6,272.6,201.4,90.2,116,192.7,243.6,165.4,211,155.9,143.5,283,136.4,339.6,353.4,113.6,103.8,116.5,157.3,312.9,272.7,208.8,130.1,214.1,156,325.4,282.9,284.7,259,175.6,195.3,236.7,236.8,144.9,127,230.7,256.6,300.9,217.1,215.8,182.9,136,135.3,232.8,213.1,197,329.2,261.1,246.1,67.6,215.5,207.3,184.9,209.4,47.4,285.6,401.9,292.9,288.5,186.6,184.4,45.8,15.3,222.4
E11BB,198,199.4,189.6,213.9,364.7,330.3,173.7,345.1,126.7,141.4,114.5,25.7,194.9,235.2,496.9,86.7,245.5,273.3,281.1,339,351.5,55.2,94.4,94.6,156.7,278.3,29.4,208.8,434.9,312.2,277,213,213,0,319.1,350.2,385,167.2,65.4,24.3,56.3,225,313.8,337.4,126.5,124,50.5,33.9,327,341.5,459.5,388.3,164.8,310.1,379.6,430.4,246.4,316.7,58.3,330.4,55.7,86.1,455,468.8,229.1,206.6,110.3,231.7,215.1,174.8,7.3,93.1,165.9,152.8,389.1,148.4,147.2,121.4,362.5,71.4,38.7,24.5,260.3,242.4,324.2,350.1,394.5,310.7,8.9,58.1,322.9,131.7,133.2,116.9,164.7,444.6,60.2,43.2,254.5,15,16.5,379,273.1,241.6,349.3,465.6,408.3,403.9,35.7,299.8,212.8,209.4,337.8
EX25DW,247.4,255.8,157.9,76.7,425.6,453.1,137.6,406,257.5,306.7,277.7,356.8,133.5,90.2,557.8,390,170.1,198,205.8,399.9,412.4,393,432.2,418,291.6,339.2,362.5,325.6,566.3,443.6,408.5,86,255.2,320.2,0,86,446,175.8,221.7,304.6,285.9,209.5,475.3,438.3,438,461.8,290,311.5,387.9,402.4,520.4,449.2,319.7,371,440.5,491.4,409,448.1,337.9,391.3,369.9,298.9,586.4,600.2,360.5,338,306.5,156.4,526.6,486.3,315.4,244.1,443.6,385.5,73.1,225.4,227.2,201.5,423.4,253.4,324.3,345,391.7,373.8,248.9,274.8,319.2,235.3,316.5,349.7,383.8,192.1,171.9,189.4,148.2,576.1,400.7,385.8,315.4,320.6,307.3,308.2,49.7,302.5,33.3,145.3,539.7,535.3,316.5,431.2,213.1,270.3,469.2
EX314JB,278.3,286.7,188.7,122.1,456.5,483.9,205.2,436.9,311.7,360.9,331.9,387.7,164.4,121.1,588.7,420.8,201,228.8,236.7,430.8,443.3,423.8,463,448.9,322.4,370.1,393.4,356.4,597.1,474.5,439.3,151.5,286.1,351,86.2,0,476.8,206.6,267.1,335.5,316.8,240.4,506.1,469.1,468.9,492.7,320.9,342.3,418.8,433.3,551.3,480.1,350.6,401.9,471.4,522.2,439.9,479,368.8,422.2,400.8,329.8,617.3,631.1,391.4,368.9,337.4,187.3,557.5,517.2,346.2,275,474.5,416.3,103.7,279.6,281.4,255.7,454.3,284.3,355.2,375.9,422.5,404.7,279.8,305.7,350,266.2,347.4,380.6,414.7,222.9,226.1,234.8,193.6,606.9,431.6,416.7,346.3,351.5,338.2,339,80.6,333.4,116.4,141.5,570.6,566.1,347.4,462.1,243.9,301.2,500.1
FY38NR,201.4,196.2,348.7,432.9,51.8,129.8,461.3,82.7,469.1,505.4,478.5,440.2,326.9,361.5,161.6,357.1,361,388.8,358.6,122.4,100.9,425,464.2,488.7,233.8,118.3,421.1,188.4,196.2,209.6,177.6,462.3,198.2,384.3,445.4,476.5,0,278.1,405.3,367,349.3,282.2,220.1,115,396.1,437.8,390.3,411.8,80.9,84,124.1,53,235.3,140.1,163,213.9,240.5,135.5,327.6,77,454.7,308.1,240.2,254,193,218.4,288.2,347.2,438.3,394.3,380.5,318,334.1,310.6,515.3,470.8,472.6,446.9,24.7,383.2,424.6,408.6,150.8,182.1,420.6,340.6,391.1,407.1,387.5,354.7,97.3,325.3,420.7,401,386.9,229.9,432.8,417.8,132.8,396.4,395.2,262.5,399.3,207,475.5,591.8,212.6,214.3,358.3,143.6,235.7,183.5,180.2
GL13NN,79.8,88.1,80.4,164.6,257.9,285.4,196.4,238.4,238,272.3,245.4,224,58.6,93.2,390.2,247.2,103.3,131.1,99.5,232.3,244.8,230.6,269.8,285.2,123.9,171.5,229.7,157.9,398.6,276,240.8,194,87.6,166.8,177.1,208.2,278.3,0,149,149.7,115.7,53.5,307.6,270.6,286.2,299.4,157.2,178.6,220.2,234.8,352.7,281.6,152.1,203.4,272.8,323.7,241.3,280.4,158.6,223.7,237.1,129.7,418.7,432.5,192.8,170.4,137.4,89.5,374.8,334.5,160.4,77.1,276,217.8,247,205.9,207.7,182,255.8,120.6,191.5,214.1,224,206.2,182,207.9,252.3,168.5,183.7,187.3,216.1,56.7,155.8,136.1,118.4,408.4,238.3,223.4,147.8,187.8,174.5,177.3,131,134.8,207.2,323.5,372.1,367.6,154.1,263.5,45.4,102.7,301.6
GU167UJ,200,221,152.9,153.2,385.5,357.6,113.1,365.9,106.3,142.6,115.7,94.4,158.3,198.6,517.7,137.7,208.8,236.6,244.5,359.8,372.3,140.7,179.9,155.6,184,299.1,100,236.1,462.1,339.5,304.3,152.3,220.4,67.7,222.6,268.5,405.9,149.9,0,52.2,61.5,216,371.1,364.7,185.7,209.5,27.5,49,347.8,362.3,480.3,409.2,192.1,331,400.4,451.3,281.5,344,85.6,351.3,107.4,113.4,482.3,496.1,256.4,233.9,137.5,195.1,274.3,234,62.9,98.3,214.5,179.2,292.5,93.7,106.4,80.5,383.3,34.9,61.8,92.5,287.6,269.7,287.6,313.5,357.8,274,64,97.4,343.7,95,72.5,56.2,104,471.9,140.4,123.4,275.4,58.1,54.8,346.8,191.3,262.4,252.7,369,435.6,431.2,64.2,327.1,187.5,230.2,365.1
HA13UJ,177.4,181.6,175.3,199.6,346.9,312.5,159.5,327.4,115,151.3,124.4,40.8,180.7,221,479.2,88.3,231.2,259,266.9,321.3,333.8,82.8,122,118,138.9,260.5,63.1,191.1,417.1,294.5,259.3,198.7,197.8,23.9,304.9,336,367.3,149.9,51.2,0,38.9,207.6,326.1,319.7,144.5,151.6,36.2,35.9,309.2,323.8,441.7,370.6,147.1,292.4,361.8,412.7,223.4,298.9,40.6,312.7,116.1,68.4,437.2,451,211.3,188.9,92.5,217.5,233.1,192.8,17.5,75.7,165.1,129.8,374.8,135.3,148,122.2,344.8,57.1,70.5,43.4,242.5,224.7,310,335.9,380.2,296.4,25.2,48,305.1,117.4,118.9,102.6,150.4,426.9,90.5,75.6,236.8,24.8,16.9,361.3,258.8,223.8,335,451.3,390.6,386.1,11.7,282,195.4,191.7,320.1
HP112TT,143.4,164.3,156.4,188.4,328.9,318.9,148.3,309.3,124.1,160.5,133.6,112.2,161.8,202.1,461.1,116.2,212.3,240.1,248,303.2,315.7,119.2,158.5,173.4,130.3,242.5,115.4,197.9,423.5,300.8,265.7,187.5,163.8,55.5,286,317.1,349.3,115.8,60.3,38.4,0,173.6,332.5,326,164.3,188.1,45.4,66.8,291.2,305.7,423.7,352.6,153.4,274.4,343.8,394.7,242.8,305.3,64.2,294.7,125.3,92,443.6,457.4,217.7,195.2,104.5,198.6,252.9,212.6,49.1,41.7,193,157.7,355.9,144.5,157.2,131.3,326.7,38.2,79.7,102.8,248.9,231,291.1,317,361.3,277.5,59.5,76,287.1,98.5,107.7,91.4,139.2,433.3,127,112.1,218.8,58.5,50.3,343.3,239.9,205.8,316.1,432.4,396.9,392.5,42.8,288.4,161.4,173.6,326.4
HR12ER,84.3,92.7,122.8,196.9,262.5,289.9,261.7,242.9,303.3,337.5,310.7,289.3,100.8,125.5,394.7,251.7,89.6,117.5,69,152.5,182,288,327.2,350.5,128.4,176.1,295,162.4,403.1,280.5,245.3,226.3,92.1,224.3,209.4,240.5,282.8,52.8,214.3,207.1,173.2,0,312.1,275.1,290.7,332.4,222.5,243.9,224.8,239.3,357.3,286.1,156.6,132.2,192,242.9,245.9,284.9,215.3,228.2,302.4,187.9,423.3,437.1,197.3,174.9,175.8,60,379.3,339,217.9,134.5,280.5,222.3,279.3,271.2,273,247.3,260.3,185.9,256.8,271.6,228.5,210.7,131.1,157,201.3,117.5,249,242.3,220.7,122,221.1,201.4,183.6,412.9,295.8,280.8,152.3,253.1,239.8,126.9,163.3,103,239.5,355.8,376.6,372.1,211.6,268.1,49.1,107.2,306.1
HU32JZ,226.5,227.9,378.7,463,187.3,111.6,444.3,152.5,434.3,470.6,443.8,341.9,357,391.5,272.8,235.2,391,418.8,388.6,219.2,231.7,303.2,322.2,390.4,215.2,215.1,322.9,151.6,207.7,48.2,71.4,483.5,241.6,314.4,475.4,506.5,221.1,308.1,370.5,326.3,332.3,312.3,0,118.7,274.2,315.9,355.6,377,188.1,202.7,295.6,224.4,186.8,236.9,259.8,310.7,74.2,98,287,161,356.5,267.5,227.8,241.6,123.6,145.5,247.5,377.3,280.3,236.3,339.9,301,176.1,174.3,545.4,454.7,467.4,429.9,198.6,366.2,389.9,310.3,106.1,112.7,450.7,476.6,520.9,437.1,346.8,245.1,164,355.3,403.7,384,412.4,217.5,334.5,319.6,204.8,355.7,347.8,359.4,429.4,240.2,505.6,621.9,181.2,176.7,317.6,86.5,265.8,214.9,75
HX30PW,192.9,187.7,340.2,424.4,82,15.4,438.8,47.2,428.9,465.2,438.3,394.1,318.4,353,227.7,270.6,352.5,380.3,350.1,113.9,126.4,338.6,357.7,442.6,209.8,109.8,375,146.1,176.5,108.7,76.7,453.8,189.6,338.2,436.9,468,115.8,269.5,365.1,320.9,326.8,273.7,119.2,0.2,309.7,351.4,350.1,371.6,82.8,97.3,190.3,119.1,181.4,131.6,154.5,205.3,139.7,34.7,281.5,55.7,408.6,262,196.6,210.4,118.2,140,242.1,338.7,337.4,293.4,334.4,295.5,233.2,209.8,506.8,449.2,461.9,424.4,93.3,360.7,384.4,362.5,80.2,107.2,412.1,332,382.6,398.6,341.4,280.5,58.7,316.8,398.3,378.6,378.4,186.2,386.7,371.7,124.3,350.3,342.4,254,390.8,198.5,467,583.3,149.9,145.5,312.2,42.8,227.2,174.9,79.4
IP332QZ,210.1,211.5,308.5,333.1,376.8,302.5,292.9,343.4,239.5,254.2,227.3,153.8,313.9,354.1,463.3,54.7,364.4,392.2,365.3,351.1,363.6,67.4,66,202.3,168.8,290.4,134.8,220.8,398.3,247.7,240.5,332.2,225.1,126.3,438,469.1,397.1,284.7,184.6,144.1,166.2,288.9,274.2,309.6,0,46.3,169.6,192.4,339.1,353.6,471.6,400.4,157.1,322.2,391.7,442.5,206.8,288.9,129.4,342.5,168.4,120,418.4,432.2,214.2,197.3,133.5,350.6,109.8,69.5,133.5,184.4,73.2,113.2,508,261.2,281.4,255.6,374.6,190.3,178.5,122.2,250,254.4,443.1,469,513.4,429.6,135.1,89.7,335,250.6,252.3,236,283.8,408.1,128.8,131.5,266.6,141.2,151.3,391.1,392,253.7,468.2,584.5,371.7,367.3,130.8,277.4,242.4,221.5,301.2
IP45PD,252.3,253.7,332.9,357.5,419.1,344.8,317.3,385.7,222.1,236.8,210,136.5,338.3,378.6,505.6,96.9,388.8,416.6,424.5,393.4,405.9,74.1,34.5,185,211,332.7,117.4,263.1,440.6,289.9,282.8,356.6,267.4,123.9,462.5,493.6,439.4,301.5,209,151.5,190.6,331.2,316.5,351.9,46.5,0,189.9,175.1,381.4,395.9,513.8,442.7,199.3,364.5,433.9,484.8,249,331.2,168.3,384.8,151,162.3,460.7,474.5,256.5,239.6,175.7,375.1,77.5,76,131.1,227.3,115.5,155.4,532.4,243.8,286.2,260.4,416.9,214.7,161.1,104.7,292.3,296.7,467.6,493.5,537.8,454,132.7,132,377.2,275,276.8,260.5,308.2,450.3,97.3,96.5,308.9,138.9,158.7,433.4,416.4,296,492.6,608.9,414,409.6,155.2,319.7,284.7,263.8,343.5
KT160PZ,183.8,204.8,159.2,173.7,369.4,341.5,133.5,349.8,82.8,119.1,92.2,70.9,164.6,204.9,501.6,121.5,215.1,243,250.8,343.7,356.2,121.2,160.4,132.1,167.8,283,76.6,220,446,323.4,288.2,172.8,204.3,51.6,288.8,319.9,389.8,156.3,25.2,36.1,45.4,222.3,355,348.6,169.6,190,0,25.5,331.7,346.2,464.2,393,176,314.9,384.3,435.2,265.4,327.8,69.5,335.1,84,97.3,466.1,479.9,240.2,217.8,121.4,201.4,258.2,217.9,46.8,82.2,198.4,163,358.8,103.2,115.8,90,367.2,41.2,38.4,101.6,271.4,253.6,293.9,319.8,364.2,280.4,47.9,81.3,327.6,101.4,93,76.7,124.5,455.8,117,99.9,259.2,34.6,38.7,353.2,242.8,246.3,319,435.3,419.5,415,48.1,310.9,201.9,214.1,349
KT187EG,205.5,226.5,180.9,195.3,391.1,363.1,155.2,371.5,66.3,100.5,73.6,52.3,186.3,226.6,523.3,157,236.8,264.6,272.5,365.4,377.9,102.5,141.8,113.5,189.5,304.7,57.9,241.7,467.7,345,309.9,194.4,225.9,34.2,310.5,341.6,411.4,177.9,46.9,35.6,67,244,376.7,370.2,189.7,171.4,25.2,0,353.4,367.9,485.8,414.7,197.6,336.5,405.9,456.8,287,349.5,91.2,356.8,65.3,118.9,487.8,501.6,261.9,239.4,143.1,223.1,278.3,238,32.5,103.8,220,184.7,380.4,88.6,158,95.7,388.9,62.8,19.8,83,293.1,275.2,315.6,341.5,385.8,302,22.3,103,349.3,123,114.6,98.3,146.1,477.5,98.3,81.3,280.9,14.6,21.1,374.8,264.4,268,340.6,456.9,588,436.7,69.8,332.6,223.5,235.8,370.6
L355DR,144.7,139.4,291.9,376.1,67.8,97.1,404.5,50.1,412.3,448.6,421.7,383.4,270.2,304.7,200,300.3,304.2,332,301.8,41.7,33.7,368.2,407.4,431.9,177,61.6,364.4,131.6,244.7,176.9,144.9,405.5,141.4,327.5,388.6,419.7,88.2,221.3,348.5,310.2,292.5,225.5,187.4,82.3,339.3,381,333.5,355,0,14.1,162.6,91.4,178.5,59.5,82.3,133.2,207.9,102.9,270.9,35.4,398,251.3,264.8,278.6,166.5,161.6,231.4,290.5,427.9,387.6,323.8,261.2,301.5,270.9,458.6,414,415.8,390.1,65.6,326.4,367.8,351.8,116.5,112.4,363.9,259.9,310.4,350.3,330.7,297.9,55.8,268.5,364,344.3,330.2,254.5,376,361.1,76,339.6,338.4,181.9,342.6,105.1,418.8,535,218.1,213.7,301.5,111,178.9,126.7,147.6
L97AL,159,153.8,306.3,390.5,64.2,111.5,418.9,64.5,426.7,463,436.1,397.8,284.5,319.1,196.4,314.7,318.6,346.4,316.2,53.8,22.7,382.6,421.8,446.3,191.4,75.9,378.7,146,259.1,191.3,159.3,419.9,155.8,341.9,403,434.1,84.6,235.7,362.9,324.6,306.9,239.8,201.8,96.7,353.7,395.4,347.9,369.4,14,0,159,87.8,192.9,71.5,94.4,145.3,222.3,117.3,285.2,49.8,412.3,265.7,279.2,293,180.9,176,245.8,304.8,442.3,402,338.1,275.6,315.8,285.3,472.9,428.4,430.2,404.5,62,340.8,382.2,366.2,130.8,126.8,378.2,272,322.5,364.7,345.1,312.3,70.2,282.9,378.3,358.6,344.5,268.8,390.4,375.4,90.4,354,352.8,194,356.9,117.2,433.1,549.4,232.5,228.1,315.9,125.4,193.3,141.1,162
LA144LF,277,271.7,424.2,508.4,127.4,134.9,536.8,158.3,544.6,580.9,554,515.7,402.5,437,136.8,432.6,436.5,464.3,434.1,197.9,176.4,500.5,539.7,564.3,309.3,193.9,496.7,263.9,171.5,285.1,253.1,537.8,273.7,459.8,520.9,552,125.4,353.6,480.8,442.5,424.8,357.8,295.6,190.5,471.6,513.3,465.8,487.3,156.4,159.6,0,74.5,310.8,215.7,238.5,289.4,316.1,211.1,403.2,152.6,530.3,383.6,215.4,229.2,268.5,294,363.7,422.8,513.8,469.8,456.1,393.5,409.6,386.2,590.9,546.3,548.1,522.4,102.9,458.7,500.2,484.1,226.3,257.6,496.2,416.1,466.6,482.6,463,430.2,172.8,400.8,496.3,476.6,462.5,205.1,508.3,493.4,208.4,471.9,470.8,338.1,474.9,282.5,551.1,667.4,187.8,189.5,433.8,219.2,311.3,259,178.8
LA14RP,206.3,201,353.5,437.7,56.6,134.6,466.1,87.6,473.9,510.2,483.3,445,331.8,366.3,110.8,361.9,365.8,393.6,363.4,127.2,105.7,429.8,469,493.6,238.6,123.2,426,193.2,145.5,214.4,182.4,467.1,203,389.1,450.2,481.3,54.7,282.9,410.1,371.8,354.1,287.1,224.9,119.8,400.9,442.6,395.1,416.6,85.7,88.9,73.4,0,240.1,145,167.8,218.7,245.4,140.4,332.5,81.9,459.6,312.9,189.5,203.3,197.8,223.3,293,352.1,443.1,399.1,385.4,322.8,338.9,315.5,520.2,475.6,477.4,451.7,32.2,388,429.4,413.4,155.6,186.9,425.5,345.4,395.9,411.9,392.3,359.5,102.1,330.1,425.6,405.9,391.8,179.1,437.6,422.7,137.7,401.2,400.1,267.4,404.2,211.8,480.4,596.7,161.9,163.6,363.1,148.5,240.6,188.3,185.1
LE15WW,77,78.5,222.4,306.6,215.5,173.2,264.8,196,254.8,291.1,264.2,220,200.6,235.2,347.8,118.7,234.6,262.5,232.3,189.9,202.4,204.8,205.7,268.5,35.7,129.2,200.9,51.7,277.7,155.1,119.9,304,92.1,164.1,319.1,350.2,235.9,151.7,191,146.8,152.8,155.9,186.7,180.3,157.7,199.4,176,197.5,177.9,192.4,310.3,239.2,0,189.2,230.4,281.3,89.4,159.6,107.5,181.3,234.6,87.9,297.9,311.7,72,44.7,68,220.9,246.3,206,160.4,121.5,123.7,65.6,389,275.2,287.8,250.4,213.4,186.6,210.4,188.4,103.2,85.3,294.3,320.2,364.6,280.7,167.3,134.5,139.7,164.7,224.2,204.5,232.9,287.5,212.6,197.6,101,176.2,168.3,258.1,273,120.7,349.2,465.5,251.2,246.8,138.1,142.7,109.4,88.5,180.7
LL137TD,127.4,122.2,274.7,358.9,120,147.5,387.3,100.5,395,431.4,404.5,366.2,252.9,287.5,252.3,283,220.2,248.1,186.8,22.5,52,351,390.2,414.7,159.8,46.2,347.1,119.2,295,227.3,195.3,388.3,116.3,310.3,371.4,402.4,140.4,204,331.2,292.9,275.3,132.2,237.8,132.7,322.1,363.8,316.3,337.7,59.6,71.7,214.8,143.7,188,0,62,112.9,218,153.3,253.6,85.8,380.7,234.1,315.2,329,154.1,149.2,214.2,190.6,410.6,370.4,306.5,244,311.8,253.7,441.3,396.8,398.5,372.9,117.9,309.2,350.6,334.5,147.4,142.6,210.3,202.4,252.9,231.3,313.5,280.7,86.8,251.2,346.7,327,312.9,304.8,358.8,343.8,66.6,322.4,321.2,138.3,325.3,75,401.5,517.8,268.5,264.1,284.3,161.4,161.7,105.9,198
LL185UJ,196.5,191.2,343.7,427.9,142,169.5,456.3,122.4,464.1,500.4,473.5,435.2,322,356.5,274.2,352.1,356,383.8,247.1,53.5,63.7,420,459.2,483.8,228.8,90.2,416.2,183.4,317,249.3,217.3,457.3,193.2,379.3,440.4,471.5,162.4,273.1,400.3,362,344.3,192.5,259.8,154.7,391.1,432.8,385.3,406.8,81.6,82,236.8,165.7,230.3,62.3,0,54.5,240,175.2,322.7,107.8,449.8,303.1,337.1,350.9,218.4,213.5,283.2,250.9,479.7,439.4,375.6,313,333.5,322.7,510.4,465.8,467.6,441.9,139.8,378.2,419.6,403.6,169.4,164.6,270.6,262.7,248.2,291.6,382.5,349.7,108.7,320.3,415.8,396.1,382,326.8,427.8,412.9,127.8,391.4,390.3,136.4,394.4,135.3,470.6,586.9,290.5,286,353.3,183.3,230.8,178.5,220
LL572PW,247.6,242.3,394.8,479,193.1,220.6,507.4,173.5,515.2,551.5,524.6,486.3,373,407.6,325.3,403.2,289.5,286.9,255.1,104.5,114.8,471.1,510.3,534.8,279.9,141.3,467.2,234.5,368.1,300.4,268.4,508.4,244.3,430.4,491.5,522.6,213.5,324.2,451.4,413.1,395.4,243.6,310.9,205.8,442.2,483.9,436.4,457.9,132.6,133.1,287.9,216.7,281.4,113.3,54.1,0,291,226.3,373.8,158.8,500.9,354.2,388.2,402,269.4,264.5,334.3,266.2,530.8,490.5,426.7,364.1,384.6,373.8,561.5,516.9,518.7,493,190.9,429.3,470.7,454.7,220.5,215.7,245.6,210.2,245.7,250.1,433.6,400.8,159.8,371.4,466.9,447.1,433,377.9,478.9,463.9,178.9,442.5,441.3,133.8,445.4,186.4,521.6,637.9,341.5,337.1,404.4,234.4,281.8,229.6,271
LN25QY,150.1,151.5,302.3,386.5,207.8,132.1,354.5,173.1,344.6,380.9,354,273.2,280.6,315.1,292.9,166.5,314.6,342.4,312.2,199.6,212.1,234.5,253.5,321.7,125.5,176.7,254.1,93.9,227.9,46.6,70.2,393.8,165.2,245.7,399,430.1,241.7,231.7,280.8,222.7,242.5,235.9,73.1,139.3,205.5,247.2,265.8,287.3,208.7,223.2,316.1,244.9,89.5,217.3,240.2,291.1,0,118.5,197.2,181.5,287.8,177.7,248,261.8,63.4,70.4,157.8,300.9,206.4,162.4,227.6,211.2,102.3,81.7,469,364.9,377.6,340.1,219.1,276.4,300.1,241.6,79.6,69.1,374.3,400.2,444.5,360.7,234.6,176.4,139.2,254.5,314,294.2,322.6,237.7,265.8,250.8,148.6,245.1,237.2,320.9,353,183.4,429.2,545.5,201.4,196.9,227.9,107,189.4,161.5,130.9
LS13EX,198.7,200.1,350.9,435.1,102.3,18.8,416.4,67.5,406.5,442.8,415.9,371.7,329.1,363.7,207.7,248.3,363.1,391,360.8,134.2,146.7,316.3,335.4,420.2,187.4,130.1,352.6,123.7,142.7,86.4,54.4,455.7,209.9,315.8,447.6,478.7,136.1,280.2,342.7,298.5,304.4,284.4,96.9,33.7,287.4,329.1,327.7,349.2,103.1,117.6,210.6,139.4,158.9,151.9,174.8,225.7,117.4,0,259.1,76,386.2,239.6,162.8,176.6,95.8,117.6,219.7,349.4,315.1,271.1,312,273.1,211,187.5,517.5,426.8,439.5,402,113.6,338.3,362,340,57.8,84.8,422.8,352.4,402.9,409.3,319,258.2,79,327.5,375.9,356.1,384.5,152.5,364.3,349.3,144.6,327.9,320,274.3,401.5,218.8,477.7,594,116.1,111.7,289.8,20.4,237.9,195.3,45.6
LU40DZ,141,142.4,209,233.6,307.7,273.3,193.5,288.1,149,185.3,158.4,114.2,214.4,254.7,439.9,68.9,264.9,292.7,296.2,282,294.5,99,138.2,162.7,99.7,221.3,95.1,151.8,377.8,255.2,220,232.7,156,58.3,338.6,369.7,328,158,85.1,40.9,66.7,219.8,286.8,280.4,129.8,167.8,70.2,91.7,270,284.5,402.5,331.3,107.8,253.1,322.6,373.4,197.2,259.7,0,273.4,128.7,29.1,398,411.8,172.1,149.6,53.2,251.2,218.4,178.1,54.5,103.5,154.7,99.1,408.6,169.3,182,156.2,305.5,90.9,104.5,82.5,203.3,185.4,343.7,369.6,414,330.1,61.5,28.6,265.9,151.2,152.9,136.6,184.4,387.6,106.7,91.8,197.5,70.4,62.4,322,292.6,184.6,368.7,485,351.3,346.9,32.3,242.8,173.3,152.4,280.8
M68HD,145.8,140.5,293,377.2,56.1,71.3,405.6,24.3,413.4,449.7,422.8,384.5,271.2,305.8,190.4,301.4,305.3,333.1,302.9,66.7,79.2,369.3,408.5,433,178.1,62.7,365.4,132.7,218.9,151.1,119.1,406.6,142.5,328.6,389.7,420.8,78.5,222.4,349.6,311.3,293.6,226.6,161.6,56.5,340.4,382.1,334.6,356.1,35.6,50.2,152.9,81.8,179.6,84.4,107.3,158.2,182.1,77.1,272,0,399.1,252.4,239,252.8,115.4,162.7,232.5,291.5,379.8,335.8,324.9,262.3,275.6,252.2,459.7,415.1,416.9,391.2,55.9,327.5,368.9,352.9,73.2,82.9,365,284.9,335.4,351.4,331.8,299,25,269.6,365.1,345.3,331.2,228.7,377.1,362.1,77.1,340.7,339.5,206.9,343.7,151.3,419.8,536.1,192.3,187.9,302.6,85.2,180,127.8,121.8
ME169QQ,263.8,269.7,239.2,253.6,435,400.6,213.5,415.5,115.8,76.7,103.6,43.5,244.6,284.9,567.3,129.6,295.1,322.9,330.7,409.4,421.9,82.3,121.5,55.4,227,348.7,33.3,279.2,505.2,330.1,347.4,252.7,284.2,55.9,368.7,399.8,455.4,236.2,105.2,116,125.3,302.3,356.7,407.8,169.4,151.1,83.5,68.7,397.3,411.9,529.8,458.7,235.2,380.5,449.9,500.8,289.3,387,128.7,400.8,0,156.5,525.3,539.1,299.4,277,180.6,281.3,258,217.7,62.5,162.1,208.8,195.7,438.7,137.5,179.8,154,432.9,121.1,54.8,62.7,330.6,312.8,373.9,399.8,444.1,360.3,53.7,124.3,393.2,181.3,172.9,156.6,204.4,515,78.1,61,324.9,74.8,63.6,449.4,322.7,311.9,398.9,515.2,478.7,474.2,115.6,370.1,281.8,279.8,408.2
MK65LD,121.3,122.8,169.3,261.4,288.1,253.7,221.3,268.5,176.8,213.1,186.2,142,174.7,215,420.3,79.1,225.2,253,276.5,262.4,274.9,126.8,166,190.5,80.1,201.7,122.9,132.2,358.2,235.6,200.4,260.5,136.4,86.1,298.9,330,308.4,129.6,113,68.7,94.5,200.2,267.2,260.8,120.1,161.8,98,119.5,250.4,264.9,382.9,311.7,88.2,233.5,302.9,353.8,177.6,240.1,29.4,253.8,156.5,0,378.4,392.2,152.4,130,33.6,211.5,208.7,168.4,82.3,65.1,144.9,89.3,368.9,197.1,209.8,184,285.9,118.7,132.3,110.3,183.6,165.8,304,329.9,374.3,290.4,89.3,56.4,246.3,108.4,180.7,164.4,212.2,368,134.6,119.6,177.9,98.2,90.2,302.4,252.8,165,329,445.3,331.7,327.2,60.1,223.2,153.7,132.8,261.2
NE14LP,337.8,339.3,490.1,574.3,202.7,161.5,555.6,229.8,545.7,582,555.1,485.4,468.3,502.9,95.3,378.7,502.3,530.2,499.9,296.5,309,446.7,465.7,533.9,326.6,292.4,466.4,262.9,26.9,217,184.8,594.9,352.9,455,586.7,617.8,240.6,419.4,481.9,437.6,443.6,423.6,227.5,196,417.7,459.4,466.9,488.4,265.4,279.9,214.9,189.7,298.1,314.2,337.1,387.9,247.8,163.4,398.3,238.2,500,378.8,0,19.7,235,256.8,358.9,488.6,445.5,401.5,451.2,412.3,341.3,317.8,656.7,566,578.7,541.2,218,477.5,501.2,453.8,208.3,224,562,587.9,632.3,548.4,458.2,388.6,241.2,466.6,515,495.3,523.7,22.5,478,463.1,306.9,467.1,459.1,436.6,540.7,351.5,616.9,733.2,57.2,73.2,429,170.9,377.1,326.2,145.3
NE236NZ,350.3,351.7,502.5,586.7,215.1,174,568,242.2,558.1,594.4,567.5,497.9,480.7,515.3,104.9,391.1,514.8,542.6,512.4,308.9,321.4,459.1,478.2,546.4,339,304.8,478.8,275.4,39.4,229.4,197.2,607.3,365.4,467.4,599.2,630.3,253,431.9,494.3,450.1,456.1,436,239.9,208.4,430.2,471.9,479.3,500.8,277.8,292.3,227.4,202.1,310.6,326.6,349.5,400.4,260.2,175.8,410.7,250.7,512.4,391.2,18.8,0,247.4,269.2,371.3,501,457.9,413.9,463.6,424.8,353.7,330.3,669.1,578.4,591.1,553.6,230.5,489.9,513.7,466.2,220.8,236.5,574.5,600.3,644.7,560.9,470.6,401,253.7,479.1,527.5,507.8,536.1,27.9,490.5,475.5,319.3,479.5,471.6,449,553.1,363.9,629.3,745.6,69.6,74.5,441.4,183.4,389.5,338.7,157.7
NG174JL,111.4,112.8,263.6,347.8,160.1,110.4,329.2,125.4,319.2,355.5,328.6,284.4,241.8,276.4,280,174.7,275.9,303.7,273.5,178.5,191,269.2,261.7,332.9,100.1,117.8,265.3,36.5,215,92.3,57.2,368.4,126.5,228.5,360.3,391.4,194,193,255.4,211.2,217.2,197.1,123.9,117.5,213.7,255.4,240.4,261.9,166.5,181,268.4,197.3,71.7,157.3,219.1,270,63.4,96.8,171.8,115.5,298.9,152.3,235.1,248.9,0,30.3,132.4,262.1,241,197,224.8,185.9,136.8,113.8,430.2,339.6,352.2,314.7,171.5,251,274.8,252.8,40.3,22.4,335.6,361.4,405.8,322,231.7,198.9,76.9,240.2,288.6,268.9,297.2,224.8,277,262,89.7,240.6,232.7,262.5,314.2,125,390.4,506.7,188.4,184,202.5,79.9,150.6,99.8,117.9
NG72UH,87.4,88.8,239.6,323.8,181.4,131.7,305.1,146.7,295.2,331.5,304.6,260.4,217.8,252.4,301.3,157.3,251.9,279.7,249.5,173.8,186.3,245.2,244.3,308.9,76.1,113.1,241.3,24.7,236.3,113.6,78.5,344.4,102.5,204.5,336.3,367.4,219.9,168.9,231.4,187.2,193.1,173.1,145.2,138.8,196.3,238.1,216.4,237.9,161.8,176.3,294.3,223.1,47.7,152.6,214.4,265.3,69.6,118.1,147.8,136.8,274.9,128.3,256.4,270.2,30.5,0,108.4,238.1,237,193,200.7,161.8,132.9,96.5,406.2,315.5,328.2,290.7,197.3,227,250.7,228.8,61.7,43.8,311.5,337.4,381.8,298,207.7,174.9,98.3,216.2,264.6,244.9,273.2,246.1,253,238,85,216.6,208.7,258.1,290.2,120.7,366.4,482.7,209.7,205.3,178.5,101.2,126.6,98.8,139.2
NN15BD,94.9,96.3,177.2,248.9,261.6,227.2,216.3,242,200.8,237.2,210.3,166,182.5,222.8,393.8,94.1,233.1,260.9,250.1,235.9,248.4,150.8,190.1,214.6,53.6,175.2,147,105.7,331.7,209.1,173.9,255.5,109.9,110.1,306.7,337.8,281.9,137.5,137,92.8,104.3,173.7,240.7,234.3,133.1,174.8,122.1,143.5,223.9,238.4,356.4,285.2,61.7,207,276.5,327.3,151.1,213.6,53.5,227.3,180.6,34,351.9,365.7,126,103.5,0,219.3,221.7,181.4,106.4,73,123.7,68.1,376.7,221.2,233.9,208,259.4,142.8,156.4,134.4,157.2,139.3,312.1,338,382.4,298.6,113.3,80.5,219.8,116.2,175.7,156,184.4,341.5,158.6,143.7,151.4,122.3,114.3,275.9,260.7,138.5,336.9,453.2,305.2,300.8,84.1,196.7,127.2,106.3,234.7
NP448YN,148.8,157.2,70.1,144.2,327,354.4,241.5,307.4,283.1,317.3,290.4,269.1,48.1,72.8,459.2,302.2,26.2,54,50.2,210.7,313.8,305.2,344.4,330.3,193,240.6,274.7,226.9,467.6,345,309.8,173.6,156.6,232.4,156.7,187.8,347.3,87.8,194.1,216.9,198.1,60.5,376.6,339.6,350.2,374,202.2,223.7,289.3,303.8,421.8,350.6,221.1,190.5,250.3,266.1,310.4,349.5,250.1,292.7,282.1,211.1,487.8,501.6,261.9,239.4,218.8,0,438.8,398.5,227.6,156.2,345,286.9,226.6,251,252.7,227,324.8,165.6,236.5,257.2,293.1,275.2,104.9,130.8,175.2,91.4,228.7,262,285.2,104.3,200.9,181.2,136.9,477.4,313,298,216.8,232.8,219.5,149.5,110.6,203.9,186.8,303.1,441.1,436.7,228.7,332.6,114.4,171.7,370.6
NR316LA,298.6,300,397,421.5,405.5,329.8,381.4,370.7,327.9,342.7,315.8,242.3,402.3,442.6,490.6,143.1,452.9,480.7,453.8,439.6,452.1,151,111.5,290.8,257.3,378.9,223.2,309.3,425.6,253,267.8,420.6,313.6,214.8,526.5,557.6,439.3,373.2,273.1,232.6,254.6,377.4,279.5,336.9,109.5,78,258.1,280.9,427.6,442.1,513.8,442.6,245.6,410.7,480.2,531,206.7,316.2,217.8,379.2,256.9,208.5,445.7,459.5,241,237.4,222,439.1,0,46.7,222,272.9,111.4,163.4,596.5,349.7,369.9,344.1,416.8,278.8,266.9,210.7,277.3,266.7,531.6,557.5,601.9,518.1,223.6,178.2,336.9,339.1,340.8,324.5,372.3,435.4,174.3,173.5,355.1,229.7,239.7,479.6,480.5,342.2,556.7,673,399,394.6,219.3,304.7,330.9,310,328.5
NR47UY,258.7,260.1,357.1,381.7,361.7,286.1,341.5,327,288.1,302.8,275.9,202.4,362.5,402.8,446.9,103.3,413,440.8,413.9,399.7,412.2,163.7,95.4,251,217.4,339,183.4,269.5,381.9,209.3,224.1,380.8,273.8,174.9,486.7,517.8,395.6,333.4,233.2,192.8,214.8,337.6,235.8,293.2,69.7,75.7,218.3,241.1,387.7,402.2,470,398.9,205.7,370.9,440.3,491.2,163,272.5,178,335.5,217,168.6,402,415.8,197.3,193.7,182.1,399.3,46.7,0,182.1,233,67.7,119.7,556.6,309.8,330.1,304.2,373.1,238.9,227.1,170.8,233.6,223,491.8,517.7,562,478.2,183.7,138.3,293.2,299.2,301,284.7,332.4,391.7,158.2,180.1,315.2,189.9,199.9,439.8,440.6,302.3,516.8,633.1,355.3,350.9,179.4,261,291,270.1,284.8
NW12BU,188,195.5,185.9,210.2,360.8,326.4,170.1,341.2,103.6,118.3,91.4,31.9,191.3,231.6,493,93.3,241.8,269.6,277.5,335.1,347.6,61.8,101,100.8,152.8,274.4,35.5,205,431,308.3,273.2,209.3,209.2,6.7,315.5,346.6,381.2,160.5,61.8,17.5,49.6,218.2,340,333.5,133.1,130.6,46.8,32.6,323.1,337.6,455.6,384.4,160.9,306.3,375.7,426.6,228.6,312.8,54.5,326.5,61.9,82.2,451.1,464.9,225.2,202.7,106.4,228.1,221.7,181.4,0,86.3,172.5,135,385.4,145.9,158.6,132.8,358.6,67.7,44,28,256.4,238.5,320.6,346.5,390.8,307,10.8,53.2,319,128,129.5,113.2,161,440.8,66.4,49.4,250.7,16.4,11.5,375.2,269.4,237.7,345.6,461.9,404.4,400,31.8,295.9,206,205.5,333.9
OX39DU,111.8,132.8,118.2,185.3,297.3,287.3,152.7,277.8,161.4,197.7,170.8,149.4,123.5,163.8,429.6,153.5,174.1,201.9,193.4,271.7,284.2,156.5,195.7,210.6,98.7,211,152.6,166.3,391.9,269.2,234.1,192,132.2,92.7,247.7,278.8,317.7,76.9,97.6,75.6,41.6,134.7,300.9,294.4,184.8,225.3,82.6,104.1,259.6,274.2,392.1,321,121.8,242.8,312.2,363.1,211.2,273.7,101.4,263.1,162.5,65.2,412,425.8,186.1,163.6,72.9,160.3,273.4,233.1,86.3,0,194.2,138.6,317.7,162.2,164,138.3,295.2,75.5,116.9,140,217.3,199.4,252.8,278.7,323.1,239.3,96.7,113.2,255.5,57.2,112.1,92.4,120.8,401.7,164.3,149.3,187.2,95.7,87.5,311.7,201.7,174.2,277.9,394.2,365.3,360.9,80,256.8,129.8,142.1,294.8
PE304ET,199.9,201.3,298.3,362.2,302,226.3,322,267.3,279,293.7,266.8,193.4,323.4,358,387.1,76,357.5,385.3,355.1,300.9,313.5,154.6,134.9,241.9,158.6,240.2,174.3,157.4,322.1,149.5,164.4,361.3,215,165.9,441.9,473,335.9,274.6,213.7,165.1,195.3,278.7,176,233.4,73.5,115.2,198.7,232,302.9,317.4,410.3,339.1,123.1,312,341.5,392.4,103.2,212.7,155.1,275.7,207.9,145.7,342.2,356,137.5,134,124,343.7,111.2,67.2,173,194.2,0,60,511.8,300.7,310.5,284.7,313.3,219.4,218,161.7,173.8,163.3,417.1,443,487.4,403.6,174.7,118.8,233.4,237.4,281.4,265.1,312.9,331.9,186,171,212.1,180.8,179.6,381,395.8,243.5,472,588.3,295.6,291.1,159.9,201.2,232.2,211.3,225
PE39GZ,141.4,142.8,242.4,327,278,202.4,286.8,243.3,242.3,278.6,251.7,180.4,265,299.5,363.2,73.7,299,326.9,296.6,282.5,295,141.7,160.7,229,100.1,221.8,161.4,120.6,298.1,147.5,140.4,326,156.5,152.9,383.4,414.5,311.9,216.1,178.5,129.9,160,220.3,174.1,209.5,112.7,154.5,163.5,185,270.5,285,386.3,315.2,64.6,253.6,323,373.9,81.8,188.8,99.1,251.7,195,89.8,318.3,332.1,114,97.2,68.1,285.3,164.2,120.2,134.8,138.2,60,0,453.4,262.6,275.3,249.5,289.3,184.2,197.8,148.8,149.8,139.7,358.7,384.6,429,345.1,141.8,83.6,209.5,181.5,246.2,229.9,277.7,307.9,173,158.1,198,152.4,144.4,322.5,337.4,185.1,413.6,529.9,271.6,267.1,124.7,177.3,173.8,152.9,201.1
PL68DH,317.2,325.6,227.7,147,495.4,522.8,207.9,475.8,327.8,376.9,347.9,426.6,203.3,160,627.6,459.7,239.9,267.7,275.6,469.7,482.2,462.7,502,487.8,361.4,409,432.3,395.3,636,513.4,478.2,156.3,325,389.9,72.7,104.2,515.7,245.5,292,374.4,355.7,279.3,545,508,507.8,531.6,359.8,381.3,457.7,472.2,590.2,519,389.5,440.8,510.3,561.1,478.8,517.9,407.7,461.1,439.7,368.7,656.2,670,430.3,407.8,376.3,226.2,596.4,556.1,385.1,313.9,513.4,455.3,0,295.7,297.4,271.8,493.2,323.2,394.1,414.8,461.5,443.6,318.7,344.6,389,305.1,386.3,419.5,453.6,261.8,242.2,259.6,218.5,645.8,470.5,455.6,385.2,390.4,377.1,377.9,119.5,372.3,60.7,91.2,609.5,605.1,386.3,501,282.8,340.1,539
PO196SE,264.7,285.7,155.6,174.4,450.2,441.2,99.6,430.6,32.4,81.6,52.6,124.8,214.3,254.6,582.4,222.4,264.8,292.6,300.5,424.5,437,175.1,214.3,186,251.6,363.8,130.5,319.7,545.7,423.1,387.9,138.9,285.1,148.3,225.3,280.4,470.6,205.9,94.3,135.8,145.1,272,454.7,448.3,262.2,243.9,103.3,88.2,412.5,427,545,473.9,275.7,395.7,465.1,516,365.1,427.6,169.2,416,137.9,197,565.9,579.7,340,317.5,221.1,251.1,350.8,310.5,146.5,162.5,301.6,262.8,295.2,0,53,27.2,448,125.6,82.4,155.5,371.2,353.3,343.6,369.5,413.8,330,116,181,408.4,151,57.7,69.8,90.6,555.5,170.9,153.9,340.1,116.6,122.2,402.8,203.2,327.1,255.4,371.7,519.2,514.8,147.8,410.7,243.5,294.9,448.7
PO305TG,265.6,286.6,156.6,175.3,451.2,452.9,100.6,431.6,84.6,133.7,104.7,166.9,215.3,255.6,583.4,304,265.8,293.6,301.5,425.5,438,217.1,256.3,228.1,252.6,364.8,172.5,320.1,557.4,434.8,399.6,139.9,286.1,147,226.3,281.4,471.6,206.9,106,147.5,156.8,273,466.4,460,281,285.9,115,158,413.5,428,546,474.8,287.4,396.7,466.1,517,376.8,439.3,180.9,416.9,179.9,208.7,577.6,591.4,351.7,329.2,232.8,252.1,369.6,329.3,158.2,163.5,309.8,274.4,296.2,52.5,0,30.5,449,126.6,134.3,197.5,382.8,365,344.6,370.5,414.8,331,141.1,192.7,409.4,152,58.7,70.8,91.5,567.2,212.9,195.9,341.1,130.6,133.9,403.8,204.2,328.1,256.4,372.7,686,526.4,159.5,422.4,244.4,295.9,460.4
PO63LY,241.4,262.4,132.4,151.1,427,427,76.4,407.4,58.8,107.9,78.9,141,191,231.3,559.2,207.1,241.5,269.4,277.2,401.3,413.8,191.3,230.5,202.2,228.3,340.6,146.7,295.9,531.6,409,373.8,115.6,261.8,121.2,202,257.1,447.3,182.7,80.2,121.6,131,248.7,440.6,434.2,255.2,260.1,89.2,95.7,389.3,403.8,521.8,450.6,261.6,372.4,441.9,492.7,350.9,413.4,155.1,392.7,154.1,182.9,551.7,565.5,325.8,303.4,207,227.8,343.8,303.5,132.4,139.2,283.9,248.6,271.9,26.7,30.8,0,424.8,102.3,108.5,171.7,357,339.2,320.3,346.2,390.6,306.7,115.3,166.9,385.2,127.8,34.4,46.6,67.3,541.4,187.1,170.1,316.8,104.8,108.1,379.6,180,303.9,232.1,348.4,505.1,500.6,133.7,396.5,220.2,271.7,434.6
PR29HT,180.6,175.3,327.8,412.1,31,108.9,440.4,61.9,448.2,484.5,457.6,419.3,306.1,340.6,140.7,336.2,340.1,367.9,337.7,101.6,80,404.1,443.4,467.9,213,97.5,400.3,167.5,175.4,188.7,156.7,441.4,177.3,363.4,424.5,455.6,26.2,257.2,384.4,346.1,328.5,261.4,199.2,94.1,375.2,416.9,369.4,390.9,60,63.2,103.3,32.1,214.4,119.3,142.1,193,219.7,114.7,306.8,56.2,433.9,287.3,219.3,233.1,172.2,197.6,267.3,326.4,417.4,373.4,359.7,297.2,313.2,289.8,494.5,449.9,451.7,426,1,362.3,403.8,387.7,130,161.2,399.8,319.7,370.2,386.2,366.6,333.8,76.4,304.4,399.9,380.2,366.1,209,411.9,397,112,375.5,374.4,241.7,378.5,186.1,454.7,571,191.7,193.4,337.4,122.8,214.9,162.6,159.4
RG15AN,177.5,198.5,123.6,155.5,363,353,115.4,343.5,121.8,158.1,131.2,109.9,129,169.3,495.3,143.1,179.5,207.3,215.1,337.3,349.8,146.1,185.3,171.1,164.4,276.6,115.5,232,457.6,334.9,299.8,154.6,197.9,73.3,253.1,284.2,383.4,120.6,34.9,57.8,39.1,186.7,366.6,360.1,191.1,214.9,43,64.5,325.3,339.9,457.8,386.7,187.5,308.5,377.9,428.8,276.9,339.4,91.1,328.8,122.9,118.8,477.7,491.5,251.8,229.3,143,165.7,279.7,239.5,68.5,75.8,219.9,184.6,323.1,124.9,126.7,101,360.8,0,77.3,98.2,283,265.1,258.3,284.2,328.5,244.7,69.6,102.9,321.2,65.7,74.8,58.5,106.3,467.4,153.9,138.9,252.9,73.6,60.4,317.5,207.1,239.9,283.3,399.6,431,426.6,69.7,322.5,158.1,207.8,360.5
RH15RH,217.1,238.1,192.5,207,402.7,374.8,166.8,383.1,66.6,81.3,54.4,42.8,197.9,238.2,534.9,140.4,248.5,276.3,284.1,377,389.5,93,132.3,104,201.2,316.3,48.4,253.3,479.3,356.7,321.5,206.1,237.6,38.8,322.1,353.2,423.1,189.6,58.5,69.4,78.7,255.6,388.3,381.9,180.2,161.9,36.9,22.1,365,379.5,497.5,426.3,209.3,348.2,417.6,468.5,298.7,361.2,102.8,368.4,55.8,130.6,499.5,513.3,273.6,251.1,154.7,234.7,268.8,228.5,43.4,115.5,219.6,196.3,392.1,88.3,133.2,107.4,400.5,74.5,0,73.5,304.7,286.9,327.2,353.1,397.5,313.7,31.8,114.6,360.9,134.7,126.3,110,157.8,489.1,88.8,71.8,292.6,28.1,35.5,386.5,276.1,279.6,352.3,468.6,452.8,448.3,81.4,344.3,235.2,247.4,382.3
RM70AG,222,223.4,214.7,239.1,388.7,354.3,198.9,369.1,134.2,149,122.1,48.6,220.1,260.4,520.9,83.2,270.6,298.5,306.3,363,375.5,35.9,75.1,97.1,180.7,302.3,29.5,232.9,458.9,283.8,301.1,238.2,237.1,23.5,344.3,375.4,409,215.5,90.6,43.5,104.6,300.8,310.3,361.4,123,104.7,75.7,87.2,351,365.5,483.5,412.3,188.8,334.1,403.6,454.4,242.9,340.7,82.3,354.4,63.1,110.1,479,492.8,253.1,230.6,134.3,256.9,211.6,171.4,30.7,141.4,162.4,149.3,414.3,155.9,198.3,172.5,386.5,96.6,73.2,0,284.3,266.4,349.4,375.3,419.7,335.9,29.8,77.9,346.9,156.9,158.4,142.1,189.8,468.7,41.1,26.2,278.5,35.9,37.3,403.1,298.3,265.6,374.5,490.8,432.3,427.9,51.8,323.8,254.3,233.4,361.8
S102JF,143.5,144.9,295.7,379.9,117,75,361.3,82.2,351.3,387.6,360.7,316.5,273.9,308.5,256.2,210.4,308,335.8,305.6,128.3,140.8,278.4,297.5,365,132.2,116.6,297.4,68.6,191.2,74.4,39.2,400.5,158.6,260.6,392.4,423.5,150.9,225.1,287.5,243.3,249.3,229.3,106,82.1,249.5,291.2,272.5,294,115,129.6,225.3,154.2,103.8,146,168.9,219.7,79.5,61.4,204,72.4,331.1,184.4,211.3,225.1,40.6,62.4,164.5,294.2,277.2,233.2,256.9,218,173.1,149.6,462.4,371.7,384.3,346.9,128.3,283.1,306.9,284.9,0.8,22.6,367.7,393.6,437.9,354.1,263.8,220.3,67.9,272.3,320.7,301,329.4,201,309.1,294.1,121.8,272.7,264.8,268.4,346.4,157.1,422.5,538.8,164.7,160.2,234.6,44.5,182.7,131.9,94.1
S445BL,125.4,126.8,277.6,361.8,148.9,99.2,343.1,114.1,333.2,369.5,342.6,298.4,255.8,290.4,268.8,215.1,289.9,317.7,287.5,124,136.5,283.2,322.4,346.9,114.1,131.8,279.3,50.4,203.7,81.1,45.9,382.4,140.5,242.5,374.3,405.4,182.8,206.9,269.4,225.2,231.1,211.1,112.7,106.3,254.2,295.9,254.4,275.9,112,126.5,257.2,186.1,85.7,141.7,164.5,215.4,69.5,85.6,185.8,85.1,312.9,166.3,223.9,237.7,22.4,44.3,146.4,276.1,267.2,223.2,238.7,199.8,163,139.7,444.2,353.5,366.2,328.7,160.2,265,288.7,266.8,22.5,0,349.5,375.4,419.8,336,245.7,212.9,59,254.2,302.6,282.9,311.2,213.5,291,276,103.7,254.6,246.7,276.5,328.2,139,404.4,520.7,177.2,172.8,216.5,68.7,164.6,113.8,106.7
SA148QF,222.1,230.5,163,237.1,400.3,427.7,334.3,380.7,375.9,410.2,383.3,361.9,140.9,165.7,532.5,395.1,82.2,54.6,63.4,230.6,260,398.1,437.3,423.2,266.3,313.9,367.6,300.2,540.9,418.3,383.1,266.5,229.9,325.3,249.6,280.7,420.6,180.7,287,309.7,291,130.9,449.9,412.9,443.1,466.9,295.1,316.6,362.6,377.1,495.1,423.9,294.4,210.3,270.1,245.9,383.7,422.8,343,366,375,304,561.1,574.9,335.2,312.7,313.7,105,531.7,491.4,320.5,249,418.3,360.1,319.5,343.8,345.6,319.9,398.1,258.5,329.4,350.1,366.3,348.5,0,38.9,83.3,17.8,321.6,354.8,358.5,197.2,293.8,274.1,229.8,550.7,405.9,390.9,290.1,325.7,312.4,113.2,203.5,277.2,279.7,396,514.4,509.9,321.6,405.9,187.7,245,443.9
SA312AF,248,256.4,188.9,263,320.3,347.8,360.2,300.8,401.8,436.1,409.2,387.8,166.8,191.6,452.6,421,108.1,80.5,89.3,222.8,252.2,424,463.2,449,292.1,240.1,393.5,326.1,566.8,444.2,409,292.4,255.8,351.2,275.5,306.6,340.7,206.6,312.9,335.6,316.9,156.8,475.8,333,469,492.8,321,342.5,259.9,272,415.1,344,320.3,202.5,262.3,210.5,409.6,353.6,368.9,286.1,400.9,329.9,587,600.8,361.1,338.6,339.6,130.9,557.6,517.3,346.4,274.9,444.2,386,345.4,369.7,371.5,345.8,318.1,284.4,355.3,376,392.2,374.4,39.2,0,53.7,43.7,347.5,380.7,287,223.1,319.7,300,255.7,576.6,431.7,416.8,316,351.6,338.3,77.8,229.4,208.3,305.6,421.9,540.3,535.8,347.5,431.8,213.6,270.9,469.8
SA612PZ,292.3,300.6,233.2,307.3,370.8,398.2,404.5,351.2,446.1,480.4,453.5,432.1,211.1,235.8,503,465.2,152.4,124.8,133.6,273.2,302.7,468.2,507.5,493.3,336.4,384.1,437.8,370.4,611.1,488.5,453.3,336.7,300.1,395.4,319.7,350.8,391.1,250.9,357.2,379.9,361.2,201.1,520.1,383.4,513.3,537.1,365.3,386.8,310.3,322.4,465.6,394.4,364.6,252.9,250.1,246.3,453.8,404,413.2,336.5,445.2,374.2,631.2,645,405.3,382.9,383.8,175.2,601.9,561.6,390.7,319.2,488.5,430.3,389.7,414,415.8,390.1,368.6,328.7,399.6,420.3,436.5,418.7,83.5,53.3,0,88,391.8,425,337.5,267.4,363.9,344.2,300,620.9,476,461.1,360.3,395.9,382.6,113.7,273.7,258.7,349.9,466.2,584.6,580.1,391.8,476,257.9,315.2,514.1
SA66NL,208.7,217.1,149.6,223.7,386.9,414.3,320.9,367.3,362.5,396.8,369.9,348.5,127.5,152.3,519.1,381.6,68.8,41.2,50,235,264.5,384.7,423.9,409.7,252.8,300.5,354.2,286.8,527.5,404.9,369.7,253.1,216.5,311.9,236.2,267.2,407.2,167.3,273.6,296.3,277.6,117.5,436.5,399.5,429.7,453.5,281.7,303.2,349.2,363.7,481.7,410.5,281,214.7,274.5,250.3,370.3,409.3,329.6,352.6,361.6,290.6,547.6,561.4,321.7,299.3,300.2,91.6,518.3,478,307.1,235.6,404.9,346.7,306.1,330.4,332.2,306.5,384.7,245.1,316,336.7,352.9,335.1,17.5,43.4,87.7,0,308.2,341.4,345.1,183.8,280.4,260.6,216.4,537.3,392.4,377.5,276.7,312.3,299,117.6,190.1,263.8,266.3,382.6,501,496.5,308.2,392.4,174.3,231.6,430.5
SE59RW,199.1,203.5,187.3,211.7,368.8,334.4,171.5,349.2,94.7,109.4,82.6,20.8,192.7,233,501,95.7,243.2,271.1,278.9,343.1,355.6,64.2,103.4,94.8,160.8,282.4,29.5,213,439,316.3,281.2,210.8,219.5,9.2,316.9,348,389.2,184.4,63.2,25.1,60.7,250.4,348,341.5,135.5,133,48.2,22.2,331.1,345.6,463.6,392.4,168.9,314.3,383.7,434.6,236.6,320.8,62.5,334.5,54.3,90.2,459.1,472.9,233.2,210.7,114.4,229.5,224.1,183.9,11.8,97.4,174.9,143,386.9,116.4,143.1,117.3,366.6,69.2,31.8,30.1,264.4,246.5,322,347.9,392.3,308.4,0,61.2,327,129.5,131,114.7,162.4,448.8,69.9,52.9,258.6,10.4,14.2,383.2,270.9,245.7,347.1,463.4,412.4,408,39.8,303.9,217.1,213.5,341.9
SG14AB,168.4,169.8,220.3,244.9,335.1,273.1,204.8,315.5,160.3,196.6,169.7,109,225.7,266,467.3,42.2,276.2,304.1,311.9,309.4,321.9,93.8,133.1,157.6,127.1,248.7,90,179.2,368.8,218.2,211.1,244,183.4,57.6,349.9,381,355.4,189,96.5,47.9,78,247.2,244.8,280.2,90.3,132,81.5,103,297.4,311.9,429.9,358.7,135.2,280.5,350,400.8,177.3,259.5,28.7,300.8,123.6,56.5,389,402.8,199.5,177,80.7,262.5,178.9,138.6,52.8,114.8,119,83.7,419.9,180.6,193.3,167.5,332.9,102.2,115.8,77.4,230.7,212.8,355,380.9,425.3,341.5,59.8,0,293.3,162.5,164.2,147.9,195.7,378.6,101.6,86.7,224.9,70.3,62.4,349.4,303.9,212,380.1,496.4,342.3,337.8,42.7,248,200.7,179.8,271.8
SK27JE,139.8,134.5,287,371.2,70.2,74.2,399.6,35.5,407.4,443.7,416.8,378.5,265.3,299.8,209.7,295.4,299.3,327.1,296.9,68.4,80.9,363.3,402.6,427.1,172.1,56.7,359.5,126.7,221.8,154,99.5,400.6,136.5,322.6,383.7,414.8,97.9,216.4,343.6,305.3,287.7,220.6,164.5,59.4,334.4,376.1,328.6,350.1,55.1,69.6,172.3,101.1,140.2,86.1,108.9,159.8,139.8,80,266,24.9,393.1,246.4,241.9,255.7,77,98.9,226.5,285.6,337.5,293.5,318.9,256.3,233.4,209.9,453.7,409.1,410.9,385.2,75.3,321.5,363,346.9,69.2,58.9,359,286.5,337,345.4,325.8,293,0,263.6,359.1,339.4,325.3,231.6,371.1,356.2,71.2,334.7,333.6,208.5,337.7,145.3,413.9,530.2,195.2,190.8,296.6,88.1,174.1,121.8,124.7
SN36BB,128.3,136.7,62.9,128.4,306.5,333.9,141.7,286.9,183.3,217.6,190.7,169.3,68.3,108.6,438.7,202.4,118.8,146.6,154.5,280.8,293.3,205.4,244.6,230.5,120.8,220.1,175,206.5,447.2,324.5,289.4,124.9,136.1,132.6,192.5,223.6,326.8,56.4,94.3,117.1,98.4,122.5,356.1,319.2,250.5,274.3,102.5,123.9,268.8,283.3,401.3,330.1,165,251.9,321.4,372.2,254.4,329,150.4,272.2,182.4,108.4,467.3,481.1,241.4,218.9,116,105.1,339.1,298.8,127.8,57.5,237.3,181.7,262.4,151.2,153,127.3,304.3,65.9,136.8,157.5,272.6,254.7,197.6,223.5,267.9,184,129,162.2,264.7,0,101.1,81.4,63.6,456.9,213.2,198.3,196.3,133.1,119.8,256.8,146.4,183.4,222.6,338.9,420.6,416.2,129,312.1,94,151.2,350.1
SO166YD,214.3,235.3,102,120.7,399.9,389.9,46,380.3,90.1,139.2,110.2,160.7,164,204.3,532.1,204,214.5,242.3,250.2,374.2,386.7,207,246.2,221.9,201.3,313.5,166.3,268.8,494.5,371.8,336.7,85.2,234.8,134,171.6,226.7,420.3,155.6,71.8,118.5,108.1,221.7,403.4,397,252,275.8,93.8,115.3,362.2,376.7,494.7,423.5,224.4,345.4,414.8,465.7,313.8,376.3,151.9,365.6,173.7,179.7,514.6,528.4,288.7,266.2,175.5,200.8,340.6,300.3,129.2,112.2,280.8,245.5,241.5,58,59.7,34.1,397.7,75.3,128.2,158.9,319.9,302,293.3,319.2,363.5,279.7,130.3,163.7,358.1,100.7,0,19.5,36.9,504.3,206.7,189.7,289.8,124.4,121.1,352.5,149.6,276.8,201.7,318,467.9,463.5,130.5,359.4,193.1,244.6,397.4
SO225DG,195,216,111.3,119.7,380.6,370.5,60,361,101.7,150.8,121.8,144.3,144.6,184.9,512.8,187.6,195.1,223,230.8,354.9,367.4,190.6,229.8,205.5,182,294.2,149.9,249.5,475.1,352.5,317.3,99.3,215.4,117.6,189.1,234.9,400.9,136.3,55.4,102.1,91.6,202.3,384.1,377.7,235.6,259.4,77.4,98.9,342.9,357.4,475.4,404.2,205.1,326,395.5,446.3,294.5,356.9,135.5,346.3,157.3,163.3,495.2,509,269.3,246.9,156.1,181.4,324.2,283.9,112.8,92.8,264.4,229.1,259,69.5,71.3,45.6,378.4,58.9,111.7,142.4,300.5,282.7,273.9,299.8,344.2,260.4,113.9,147.3,338.8,81.4,19.5,0,51,484.9,190.3,173.3,270.4,108,104.7,333.2,157.8,257.5,219.2,335.5,448.6,444.1,114.1,340,173.8,225.3,378.1
SP28BJ,190.3,198.7,69.1,78.7,368.5,403.2,39.3,348.9,122.4,171.6,142.6,191.9,100.1,108.8,500.7,235.2,150.6,178.5,186.3,342.8,355.3,238.2,277.4,253.1,214.6,282.1,197.6,282.2,507.8,385.2,350,64.2,198.1,165.2,148,193.9,388.8,118.4,103,149.7,139.3,184.5,416.8,381.1,283.3,307,125.1,146.5,330.8,345.3,463.3,392.1,237.8,313.9,383.4,434.2,327.1,389.6,183.2,334.2,205,210.9,527.9,541.7,302,279.5,188.8,136.9,371.8,331.6,160.4,125.5,312,276.7,217.9,90.3,92.1,66.4,366.3,106.5,159.4,190.1,333.2,315.4,229.4,255.3,299.7,215.8,161.6,195,326.7,63.5,36.8,50.8,0,517.6,238,221,258.3,155.7,152.4,288.7,116.7,245.4,178.1,294.4,481.3,476.8,161.8,372.7,155.9,213.2,410.7
SR47TP,327.5,328.9,479.7,563.9,192.3,151.2,545.2,219.4,535.3,571.6,544.7,475.1,457.9,492.5,116.5,368.3,492,519.8,489.6,286.1,298.6,436.3,455.4,523.6,316.2,282,456,252.5,21.2,206.6,174.4,584.5,342.6,444.6,576.4,607.5,230.2,409.1,471.5,427.3,433.2,413.2,217.1,185.6,407.3,449.1,456.5,478,255,269.5,204.6,179.3,287.8,303.8,326.7,377.6,237.4,153,387.9,227.9,489.6,368.4,22.6,29.8,224.6,246.4,348.5,478.2,435.1,391.1,440.8,401.9,330.9,307.5,646.3,555.6,568.3,530.8,207.6,467.1,490.8,443.4,197.9,213.6,551.6,577.5,621.9,538.1,447.8,378.2,230.9,456.3,504.7,485,513.3,0,467.6,452.7,296.5,456.7,448.8,426.2,530.3,341.1,606.5,722.8,46.8,53,418.6,160.6,366.7,315.9,134.9
SS00RY,246.8,248.2,271.8,286.5,413.6,379.2,246.4,394,148.7,163.4,136.5,63,277.2,317.5,545.8,108.1,327.7,355.5,363.4,387.9,400.4,35.9,67.8,111.5,205.5,327.2,44,257.7,483.7,308.7,325.9,285.6,261.9,60,401.4,432.5,433.9,240.4,138.1,90.5,129.5,325.7,335.2,386.3,128.5,97.4,116.4,101.6,375.9,390.4,508.3,437.2,213.7,359,428.4,479.3,267.8,365.5,107.2,379.3,77.6,135,503.8,517.6,277.9,255.5,159.1,314,173.8,158.1,66.7,166.2,187.3,174.2,471.3,170.4,212.7,186.9,411.4,153.6,87.7,41.1,309.1,291.3,406.5,432.4,476.7,392.9,67.7,102.8,371.7,213.9,205.8,189.5,237.3,493.5,0,20.4,303.4,73.9,75.3,427.9,355.3,290.5,431.5,547.8,457.2,452.7,94.1,348.6,279.2,258.3,386.7
SS165NL,231.3,232.7,256.2,269.9,398,363.6,229.7,378.4,132,146.8,119.9,46.4,261.6,301.9,530.2,92.6,312.1,339.9,347.8,372.3,384.8,34.9,66.8,94.9,190,311.6,27.3,242.2,468.2,293.1,310.4,269,246.4,43.4,385.8,416.9,418.3,224.8,121.4,74.9,113.9,310.1,319.6,370.7,132.3,96.4,99.8,85,360.3,374.8,492.8,421.6,198.1,343.4,412.9,463.7,252.2,350,91.6,363.7,60.9,119.4,488.3,502.1,262.4,239.9,143.6,298.4,172.8,180.7,50.1,150.7,171.7,158.6,455.8,153.7,196.1,170.3,395.8,138.1,71,25.5,293.6,275.7,390.9,416.8,461.2,377.3,51.1,87.2,356.2,198.4,189.2,172.9,220.7,478,20.4,0,287.8,57.3,58.7,412.4,339.8,274.9,416,532.2,441.6,437.2,78.6,333.1,263.6,242.7,371.1
ST46QG,71.6,66.3,218.9,303.1,113.3,140.7,331.5,93.7,339.2,375.5,348.6,310.3,197.1,231.6,245.5,227.2,231.1,258.9,228.7,87.6,100.1,295.1,334.4,358.9,104,26.8,291.3,54.6,288.3,172.7,137.5,332.4,68.3,254.4,315.5,346.6,133.6,148.2,275.4,237.1,219.5,152.4,204.3,126,266.2,308,260.4,281.9,75.6,90.1,208.1,136.9,101.4,66.3,128.2,179,148.9,146.5,197.8,79,324.9,178.3,308.4,322.2,89.5,84.6,158.3,217.4,354.8,314.5,250.7,188.2,212.1,197.9,385.5,341,342.7,317.1,111.1,253.3,294.8,278.7,120.7,102.9,290.8,316.7,361.1,277.2,257.7,224.8,71.5,195.4,290.9,271.2,257.1,298.1,302.9,288,0.4,266.6,265.4,180.6,269.5,77.1,345.7,462,261.7,257.3,228.4,154.6,105.9,53.6,191.2
SW170QT,198.3,210.3,186.5,205.2,375.6,341.2,165.1,356,95.7,110.4,83.5,21.1,191.9,232.2,507.8,101.3,242.4,270.2,278.1,349.9,362.4,69.7,109,101.8,167.6,289.2,36.5,219.7,445.7,323.1,287.9,204.3,218.7,14.7,316.1,347.2,395.9,183.5,56.8,23.9,59.8,249.6,354.7,348.3,141.1,138.6,35.1,14.9,337.9,352.4,470.4,399.2,175.7,321,390.5,441.3,245.2,327.6,69.2,341.3,75.2,97,465.9,479.7,240,217.5,121.1,228.7,229.7,189.4,16.5,96.6,180.5,151.6,386,117.4,131.4,105.6,373.4,68.3,29.6,35.6,271.2,253.3,321.2,347.1,391.4,307.6,9.8,69.9,333.8,128.6,124.5,108.2,156,455.5,74,57,265.4,0,8.6,389.9,270,252.5,346.2,462.5,419.2,414.8,46.6,310.7,216.3,220.3,348.7
SW66SX,189.1,210.1,177.3,201.7,374.7,333.8,161.5,355.1,86.3,117.4,90.5,26.2,182.7,223,506.9,102.8,233.2,261.1,268.9,349,361.5,89.9,129.1,104.5,160.2,288.3,39.3,212.4,438.4,315.7,280.6,200.8,209.5,14.5,306.9,338,395,174.4,53.2,16.6,50.7,240.4,347.4,340.9,151.4,158.7,38.2,21.1,337,351.5,469.5,398.3,168.3,320.1,389.6,440.4,237.8,320.2,61.9,340.4,63.9,89.6,458.5,472.3,232.6,210.1,113.8,219.5,240,199.8,11.7,87.4,179.6,144.2,376.9,121.7,134.4,108.6,372.5,59.2,36.6,35.3,263.8,245.9,312,337.9,382.3,298.4,10.8,62.5,332.9,119.5,120.9,104.7,152.4,448.2,73.8,56.7,264.5,9.5,0,389,260.9,251.6,337.1,453.4,411.8,407.4,39.2,303.3,207.1,219.4,341.3
SY231ER,196.6,191.3,223.1,297.2,242.1,269.6,394.5,222.5,436.1,470.3,443.4,435.3,201.1,225.8,374.3,352.2,173.3,154.6,138.9,158.6,163.8,420.1,459.4,483.9,228.9,175.9,416.3,226.8,417.1,345,309.8,326.6,185.4,379.4,309.7,340.8,262.5,177.7,347.1,362.1,344.5,127.6,359.9,254.8,391.2,432.9,355.2,376.7,181.6,182.1,336.9,265.7,257.1,138.3,137.9,134.1,321,275.3,322.8,207.8,449.9,303.2,437.2,451,261.8,255.2,283.3,150,479.8,439.5,375.7,313.2,381,322.8,379.7,404,405.7,380.1,239.9,318.6,389.6,403.7,269.5,275.2,113.3,77.9,113.4,117.8,382.6,349.8,208.8,257.3,353.9,334.2,290,426.9,427.9,413,180.8,391.5,390.4,0,263.7,144.2,339.9,456.2,390.5,386.1,353.4,283.4,166,175.1,320
TA15DA,201.4,209.8,111.9,45.2,379.6,407.1,128.2,360,234.8,284,255,310.9,87.5,44.2,511.8,344,124.1,152,159.8,353.9,366.4,347,386.2,372.1,245.6,293.2,316.5,279.6,520.3,397.6,362.5,74.6,209.2,274.2,50.1,81.2,400,129.8,190.2,258.7,239.9,163.5,429.3,392.3,392,415.8,244,265.5,341.9,356.4,474.4,403.2,273.8,325.1,394.5,445.4,363,402.1,291.9,345.3,323.9,252.9,540.4,554.2,314.5,292,260.6,110.4,480.6,440.3,269.4,198.1,397.6,339.5,120,202.7,204.5,178.8,377.4,207.4,278.3,299,345.7,327.8,202.9,228.8,273.2,189.3,270.5,303.7,337.8,146.1,149.2,157.8,116.7,530.1,354.8,339.8,269.4,274.6,261.3,262.2,0,256.5,80.2,196.5,493.7,489.3,270.5,385.2,167.1,224.3,423.2
TF16TF,58.6,53.4,205.9,290.1,186.4,213.9,318.5,166.8,326.3,362.6,335.7,297.4,184.1,218.7,318.6,214.2,218.2,246,215.8,72,97.3,282.2,321.4,345.9,91,55.7,278.3,88.9,329.7,207,171.9,319.5,47.5,241.5,302.6,333.7,206.8,135.2,262.5,224.2,206.5,103.3,238.7,199.1,253.3,295,247.5,269,105,117.1,281.2,210,119.2,75.5,135.4,186.2,183,219.6,184.8,152.1,311.9,165.3,349.8,363.6,123.8,117.2,145.4,204.4,341.9,301.6,237.7,175.2,243,184.9,372.5,328,329.8,304.1,184.2,240.4,281.8,265.8,155.1,137.2,277.8,208.5,259.1,264.3,244.7,211.9,144.6,182.5,277.9,258.2,244.1,339.5,290,275,76.3,253.6,252.4,144.4,256.5,0.1,332.7,449,303.1,298.7,215.5,194.6,92.9,37.1,232.6
TQ27AA,277.7,286.1,188.2,107.5,455.9,483.3,168.4,436.3,288.3,337.4,308.4,387.1,163.8,120.5,588.1,420.2,200.4,228.2,236.1,430.2,442.7,423.2,462.5,448.3,321.9,369.5,392.8,355.8,596.5,473.9,438.7,116.8,285.5,350.4,33.2,116.3,476.2,206,252.5,334.9,316.2,239.8,505.5,468.5,468.3,492.1,320.3,341.8,418.2,432.7,550.7,479.5,350,401.3,470.8,521.6,439.3,478.4,368.2,421.6,400.2,329.2,616.7,630.5,390.8,368.3,336.8,186.7,556.9,516.6,345.6,274.4,473.9,415.8,56,256.2,257.9,232.3,453.7,283.7,354.6,375.3,422,404.1,279.2,305.1,349.5,265.6,346.8,380,414.1,222.3,202.7,220.1,179,606.3,431,416.1,345.7,350.9,337.6,338.4,80,332.8,0,140.5,570,565.6,346.8,461.5,243.3,300.6,499.5
TR13LQ,394.4,402.8,304.9,224.3,572.6,600.1,285.1,553,405,454.2,425.2,503.9,280.5,237.2,704.8,537,317.1,345,352.8,546.9,559.4,540,579.2,565.1,438.6,486.2,509.5,472.6,713.3,590.6,555.5,233.5,402.2,467.2,146.2,142.1,593,322.8,369.2,451.7,432.9,356.5,622.3,585.3,585,608.8,437,458.5,534.9,549.4,667.4,596.2,466.8,518.1,587.5,638.4,556,595.1,484.9,538.3,516.9,445.9,733.4,747.2,507.5,485,453.6,303.4,673.6,633.3,462.4,391.1,590.6,532.5,92.1,372.9,374.7,349,570.4,400.4,471.3,492,538.7,520.8,395.9,421.8,466.2,382.3,463.5,496.7,530.8,339.1,319.4,336.9,295.7,723.1,547.8,532.8,462.4,467.6,454.3,455.2,196.7,449.5,146.5,0,686.7,682.3,463.5,578.2,360.1,417.3,616.2
TS198PE,309.8,311.2,462.1,546.3,174.6,133.5,527.6,201.8,517.6,554,527.1,457.4,440.3,474.8,154.3,350.7,474.3,502.1,471.9,268.5,281,418.7,437.7,505.9,298.5,264.4,438.3,234.9,37.1,189,156.8,566.8,324.9,426.9,558.7,589.8,212.5,391.4,453.8,409.6,415.6,395.6,199.5,168,389.7,431.4,438.9,460.3,237.4,251.9,186.9,161.7,270.1,286.2,309,359.9,219.7,135.3,370.3,210.2,471.9,350.8,57.2,71,206.9,228.8,330.8,460.6,417.4,373.5,423.2,384.3,313.3,289.8,628.7,538,550.7,513.2,190,449.5,473.2,425.8,180.3,196,534,559.9,604.3,520.4,430.1,360.5,213.2,438.6,487,467.3,495.7,46.9,450,435,278.9,439.1,431.1,408.6,512.7,323.5,588.9,705.2,0,14.4,400.9,142.9,349.1,298.2,83.6
TS43BW,286.8,288.2,439.1,523.3,159.1,110.5,504.6,178.8,494.6,531,504.1,434.4,417.3,451.8,155.9,327.7,451.3,479.1,448.9,245.5,258,395.7,414.7,482.9,275.5,241.4,415.3,211.9,53.1,166,133.8,543.8,301.9,404,535.7,566.8,214.1,368.4,430.8,386.6,392.6,372.6,176.5,145,366.7,408.4,415.9,437.4,214.4,228.9,188.5,163.3,247.1,263.2,286,336.9,196.7,112.3,347.3,187.2,449,327.8,73.2,76,183.9,205.8,307.8,437.6,394.5,350.5,400.2,361.3,290.3,266.8,605.7,515,527.7,490.2,191.6,426.5,450.2,402.8,157.3,173,511,536.9,581.3,497.4,407.2,337.6,190.2,415.6,464,444.3,472.7,53.1,427,412,255.9,416.1,408.1,385.6,489.7,300.5,565.9,682.2,14.3,0,378,119.9,326.1,275.2,79.3
WD180HB,171.8,173.2,186.9,211.5,338.6,304.1,171.4,319,126.9,163.2,136.3,101.9,192.3,232.6,470.8,83.6,242.8,270.7,278.5,312.9,325.4,86.7,125.9,150.4,130.5,252.2,82.8,182.7,408.7,286.1,250.9,210.6,186.9,36,316.5,347.6,358.9,155.6,63.1,11.6,44.6,213.3,317.7,311.3,131.7,155.5,48.1,69.6,300.9,315.4,433.3,362.2,138.7,284,353.4,404.3,228.1,290.5,32.2,304.3,116.4,60,428.8,442.6,202.9,180.5,84.1,229.1,220.3,180,32.2,81.4,160.4,125.1,386.5,147.2,159.9,134.1,336.4,68.8,82.4,53.1,234.1,216.3,321.6,347.5,391.9,308.1,39.2,43.4,296.7,129.1,130.8,114.5,162.3,418.5,94.4,79.5,228.4,48.1,40.2,352.9,270.5,215.4,346.7,463,382.2,377.7,0.7,273.6,204.2,183.3,311.7
WF14DG,182.5,183.9,334.7,418.9,110.4,34.7,400.2,75.7,390.3,426.6,399.7,355.5,312.9,347.5,216,238.1,347,374.8,344.6,142.3,154.8,306.1,325.1,404,171.2,138.3,336.4,107.5,151,76.2,44.2,439.5,197.6,299.6,431.4,462.5,144.3,264.1,326.5,282.3,288.3,268.2,86.7,41.8,277.1,318.8,311.5,333,111.3,125.8,218.7,147.5,142.8,160,182.9,233.8,107.2,21.1,242.9,84.1,370,223.4,171.1,184.9,79.6,101.4,203.5,333.2,304.9,260.9,295.8,256.9,200.7,177.2,501.3,410.6,423.3,385.8,121.7,322.1,345.9,323.9,41.6,68.7,406.6,432.5,476.9,393.1,302.8,248,87.1,311.3,359.7,340,368.3,160.8,348.1,333.1,152.7,311.7,303.8,282.5,385.3,196.1,461.5,577.8,124.4,120,273.6,0,221.7,170.9,53.9
WR51DD,37.3,45.7,116.3,200.5,215.5,243,232.6,195.9,280.6,316.9,290.1,268.7,94.5,129.1,347.8,204.7,128.6,156.4,126.2,189.8,202.3,265.7,304.9,329.9,81.5,129.1,261.9,115.5,356.2,233.6,198.4,229.9,45.2,212,213,244.1,235.9,45.6,185.2,194.9,160.9,48.5,265.2,228.2,243.8,285.5,201.9,223.3,177.8,192.3,310.3,239.2,109.7,161,230.4,281.3,198.9,238,168.4,181.3,281.8,141,376.3,390.1,150.4,127.9,128.9,114.8,332.4,292.1,205.6,129.6,233.5,175.4,282.9,242.1,243.8,218.2,213.3,156.7,236.2,249.3,181.6,163.8,188.2,214.1,258.5,174.7,216,195.4,173.7,92.9,192,172.3,154.5,366,273.5,258.6,105.4,215,206.8,165.7,166.9,92.4,243.1,359.4,329.6,325.2,199.3,221.1,0,60.2,259.1
WV100QP,26.7,15.2,174,258.2,166.5,193.9,286.6,146.9,294.3,330.7,303.8,265.5,152.2,186.8,298.7,182.3,186.2,214.1,183.8,102.2,153.3,250.3,289.5,314,59.1,80.1,246.4,64.5,305.2,182.6,147.4,287.6,15.5,209.6,270.6,301.7,186.8,103.3,230.5,192.2,174.6,107.5,214.2,179.1,221.3,263.1,215.6,237,128.8,143.3,261.3,190.1,87.2,106,181.4,232.2,162.4,199.7,152.9,132.2,280,133.4,325.3,339.1,99.4,100.8,113.5,172.5,309.9,269.7,205.8,143.3,211.1,153,340.6,296.1,297.8,272.2,164.3,208.5,249.9,233.8,130.6,112.8,245.9,271.8,316.2,232.3,212.8,180,124.7,150.5,246,226.3,212.2,315,258.1,243.1,56.3,221.7,220.5,174.9,224.6,37.4,300.8,417.1,278.7,274.2,183.6,170.1,61,0,208.2
YO318HE,221.6,223,373.8,458,148.2,72.6,439.3,113.5,429.4,465.7,438.8,369.1,352,386.6,190.7,262.4,386,413.9,383.7,180.2,192.7,330.4,349.4,417.7,210.3,176.1,350.1,146.6,125.7,83,68.5,478.6,236.6,338.7,470.5,501.6,182.1,303.1,365.6,321.3,327.3,307.3,75.6,79.7,301.4,343.2,350.6,372.1,149.1,163.6,179.1,185.4,181.8,197.9,220.8,271.6,131.5,47.1,282,122,383.7,262.5,145.8,159.6,118.7,140.5,242.6,372.3,329.2,285.2,334.9,296,225,201.6,540.4,449.7,462.4,424.9,159.6,361.2,384.9,337.5,92,107.7,445.7,471.6,516,432.2,341.9,272.3,125,350.4,398.8,379,407.4,135.4,361.7,346.8,190.6,350.8,342.9,320.3,424.4,235.2,500.6,616.9,84,79.6,312.7,54.6,260.8,209.9,0
