from_postcode,B152TH,B714HJ,B95SS,BA13NG,BA214AT,BB23HH,BD96RJ,BH77DW,BL97TD,BN112DH,BN212UD,BN25BE,BR68ND,BS105NB,BS234TQ,BS28HW,CA27HY,CB20QQ,CF144XW,CF311RQ,CF479DT,CH21UL,CH495PE,CM17ET,CO45JL,CT13NG,CT94AN,CV107DJ,CV22DX,CV345BW,CW14QJ,DA28DA,DE223NE,DH15TW,DN157BH,DN25LT,DT12JY,DY12HQ,E11BB,EX25DW,EX314JB,FY38NR,GL13NN,GU167UJ,HA13UJ,HP112TT,HR12ER,HU32JZ,HX30PW,IP332QZ,IP45PD,KT160PZ,KT187EG,L355DR,L78XP,L97AL,LA144LF,LA14RP,LE15WW,LL137TD,LL185UJ,LL572PW,LN25QY,LS13EX,LU40DZ,M68HD,ME169QQ,MK429DJ,MK65LD,NE14LP,NE236NZ,NG174JL,NG72UH,NN15BD,NP448YN,NR316LA,NR47UY,NW12BU,OX39DU,PE304ET,PE39GZ,PL68DH,PO196SE,PO305TG,PO63LY,PR29HT,PR86PN,RG15AN,RH15RH,RH164EX,RM70AG,S102JF,S445BL,S752EP,SA148QF,SA312AF,SA612PZ,SA66NL,SE59RW,SG14AB,SK27JE,SL24HL,SN36BB,SO166YD,SO225DG,SP28BJ,SR47TP,SS00RY,SS165NL,ST46QG,SW170QT,SW66SX,SY231ER,TA15DA,TF16TF,TN240LZ,TQ27AA,TR13LQ,TS198PE,TS43BW,WD180HB,WF14DG,WR51DD,WV100QP,YO318HE
B152TH,0.0,18.7,18.7,107.8,155.1,117.5,135.8,173.3,106.8,176.6,192.7,178.7,160.5,92.8,111.1,91.7,193.8,122.9,116.4,131.5,115.3,103.5,108.9,156.2,178.7,191.6,210.9,40.2,42.3,40.2,70.2,149.7,60.6,199.1,128.2,107.8,176.6,24.1,140.0,158.3,181.9,131.5,61.6,128.2,119.6,96.0,72.4,147.6,125.0,148.6,178.7,119.6,133.6,97.1,104.6,103.5,178.7,133.6,58.4,91.7,130.4,164.8,114.3,131.5,93.9,97.1,165.8,94.9,83.1,213.1,222.7,79.9,69.2,72.4,106.8,208.8,180.9,130.4,81.0,141.1,102.5,203.4,178.7,249.6,162.6,115.3,115.3,117.5,143.3,165.8,143.3,104.6,88.5,111.1,155.1,171.2,203.4,146.5,141.1,116.4,96.0,110.0,91.7,149.7,136.8,145.4,208.8,160.5,148.6,55.2,141.1,128.2,146.5,132.5,46.6,184.1,176.6,256.0,191.6,187.3,114.3,122.9,36.9,29.4,148.6
B714HJ,18.7,0.0,24.1,106.8,154.0,110.0,128.2,179.8,98.2,183.0,199.1,185.2,160.5,91.7,110.0,91.7,186.2,119.6,116.4,131.5,114.3,96.0,101.4,152.9,176.6,189.5,207.7,36.9,39.1,47.7,62.7,146.5,55.2,197.0,125.0,104.6,175.5,18.7,137.9,157.2,180.9,123.9,60.6,134.7,119.6,102.5,71.3,145.4,117.5,145.4,175.5,126.1,140.0,89.6,97.1,96.0,170.1,126.1,56.3,84.2,121.8,157.2,111.1,129.3,91.7,89.6,166.9,91.7,81.0,209.9,219.5,77.8,65.9,69.2,105.7,205.6,178.7,129.3,87.4,139.0,99.2,202.3,185.2,256.0,169.0,107.8,107.8,123.9,149.7,172.3,140.0,101.4,86.4,107.8,154.0,171.2,202.3,145.4,141.1,113.2,88.5,116.4,90.6,156.2,143.3,144.3,205.6,158.3,145.4,47.7,148.6,134.7,139.0,131.5,39.1,184.1,176.6,255.0,188.4,184.1,111.1,119.6,35.9,21.9,145.4
B95SS,19.8,23.0,0.0,115.3,162.6,117.5,131.5,172.3,105.7,175.5,192.7,177.6,152.9,99.2,117.5,99.2,193.8,112.1,123.9,139.0,122.9,103.5,108.9,145.4,169.0,181.9,200.2,29.4,31.6,40.2,70.2,139.0,48.8,189.5,117.5,97.1,184.1,32.6,130.4,165.8,189.5,131.5,69.2,127.2,112.1,96.0,79.9,136.8,125.0,137.9,168.0,118.6,132.5,97.1,104.6,103.5,177.6,133.6,48.8,91.7,129.3,164.8,103.5,121.8,84.2,97.1,159.4,84.2,73.5,202.3,212.0,70.2,58.4,61.6,114.3,198.0,170.1,121.8,81.0,130.4,91.7,209.9,177.6,248.5,161.5,115.3,115.3,116.4,142.2,164.8,132.5,93.9,78.8,100.3,162.6,178.7,210.9,154.0,133.6,105.7,96.0,110.0,99.2,148.6,136.8,152.9,198.0,150.8,137.9,55.2,140.0,127.2,146.5,140.0,46.6,176.6,184.1,263.6,180.9,176.6,103.5,112.1,44.5,29.4,137.9
BA13NG,107.8,106.8,115.3,0.0,62.7,204.5,223.8,94.9,193.8,146.5,181.9,166.9,149.7,33.7,59.5,27.3,281.8,171.2,67.0,82.1,91.7,190.5,195.9,170.1,192.7,184.1,203.4,126.1,128.2,110.0,158.3,149.7,149.7,288.3,217.4,197.0,87.4,107.8,139.0,107.8,130.4,218.5,61.6,103.5,119.6,104.6,94.9,236.7,213.1,201.3,214.2,107.8,122.9,184.1,192.7,191.6,265.7,220.6,144.3,178.7,217.4,251.7,203.4,220.6,132.5,185.2,155.1,141.1,123.9,302.2,311.9,169.0,158.3,129.3,57.4,261.4,233.5,130.4,91.7,212.0,174.4,151.9,122.9,193.8,106.8,202.3,203.4,86.4,131.5,155.1,156.2,193.8,177.6,200.2,113.2,130.4,161.5,104.6,134.7,140.0,184.1,103.5,48.8,90.6,91.7,65.9,297.9,174.4,162.6,142.2,135.8,120.7,172.3,82.1,134.7,172.3,126.1,204.5,280.7,276.4,123.9,212.0,82.1,117.5,237.8
BA214AT,155.1,154.0,162.6,62.7,0.0,252.8,271.1,72.4,241.0,146.5,181.9,165.8,162.6,74.5,61.6,65.9,329.1,192.7,108.9,123.9,133.6,238.9,244.2,191.6,214.2,198.0,216.3,173.3,175.5,157.2,205.6,162.6,197.0,336.6,264.6,244.2,31.6,155.1,160.5,64.9,91.7,266.8,108.9,108.9,140.0,135.8,136.8,285.0,260.3,222.7,235.6,120.7,135.8,232.4,239.9,238.9,313.0,268.9,192.7,227.0,264.6,300.1,251.7,268.9,154.0,232.4,168.0,175.5,170.1,349.5,359.1,217.4,205.6,176.6,99.2,282.9,255.0,151.9,136.8,243.2,214.2,108.9,123.9,194.8,107.8,250.7,250.7,117.5,144.3,168.0,176.6,241.0,226.0,247.4,155.1,172.3,203.4,146.5,156.2,161.5,231.3,132.5,97.1,91.7,92.8,67.0,345.2,192.7,179.8,190.5,148.6,142.2,214.2,42.3,181.9,186.2,83.1,161.5,328.0,323.7,145.4,259.3,130.4,164.8,285.0
BB23HH,117.5,110.0,117.5,204.5,251.7,0.0,56.3,274.3,35.9,277.5,294.7,279.7,255.0,189.5,207.7,189.5,105.7,213.1,214.2,229.2,212.0,69.2,64.9,246.4,270.0,282.9,301.2,130.4,132.5,141.1,70.2,239.9,112.1,128.2,113.2,98.2,273.2,115.3,231.3,255.0,278.6,43.4,158.3,230.3,213.1,198.0,169.0,120.7,59.5,238.9,268.9,220.6,235.6,48.8,55.2,46.6,89.6,44.5,145.4,81.0,96.0,130.4,137.9,70.2,185.2,41.2,260.3,185.2,174.4,142.2,151.9,113.2,126.1,163.7,203.4,272.2,241.0,222.7,183.0,199.1,183.0,300.1,280.7,350.6,263.6,26.2,48.8,218.5,244.2,267.9,233.5,89.6,105.7,83.1,251.7,224.9,261.4,243.2,234.6,207.7,54.1,212.0,189.5,250.7,238.9,242.1,136.8,251.7,238.9,76.7,242.1,229.2,175.5,229.2,118.6,277.5,274.3,352.7,125.0,120.7,204.5,75.6,133.6,107.8,100.3
BD96RJ,134.7,128.2,130.4,222.7,270.0,57.4,0.0,275.4,48.8,264.6,280.7,265.7,236.7,206.6,226.0,206.6,126.1,179.8,231.3,246.4,230.3,87.4,92.8,221.7,234.6,265.7,284.0,127.2,128.2,140.0,87.4,222.7,93.9,108.9,70.2,55.2,291.5,132.5,214.2,273.2,296.9,90.6,176.6,216.3,195.9,198.0,187.3,77.8,25.1,205.6,235.6,207.7,221.7,70.2,77.8,76.7,110.0,92.8,115.3,98.2,114.3,148.6,96.0,25.1,168.0,53.1,243.2,168.0,157.2,122.9,132.5,77.8,90.6,146.5,221.7,229.2,199.1,205.6,183.0,157.2,140.0,317.3,273.2,351.6,264.6,74.5,88.5,219.5,231.3,253.9,216.3,58.4,70.2,41.2,270.0,243.2,279.7,261.4,217.4,184.1,58.4,200.2,206.6,251.7,238.9,261.4,117.5,234.6,221.7,93.9,224.9,212.0,193.8,247.4,136.8,260.3,291.5,371.0,101.4,97.1,187.3,33.7,151.9,125.0,58.4
BH77DW,173.3,179.8,171.2,94.9,72.4,274.3,275.4,0.0,262.5,93.9,129.3,113.2,129.3,135.8,123.9,134.7,350.6,159.4,165.8,180.9,190.5,260.3,265.7,158.3,180.9,164.8,183.0,170.1,163.7,147.6,227.0,129.3,201.3,333.4,261.4,241.0,47.7,180.9,127.2,113.2,154.0,288.3,133.6,75.6,106.8,102.5,177.6,281.8,276.4,189.5,202.3,87.4,102.5,253.9,261.4,260.3,334.4,290.4,178.7,248.5,286.1,321.6,237.8,265.7,120.7,253.9,134.7,142.2,136.8,346.3,355.9,214.2,202.3,149.7,156.2,249.6,221.7,118.6,110.0,209.9,180.9,157.2,71.3,142.2,55.2,272.2,272.2,84.2,111.1,117.5,143.3,237.8,222.7,244.2,212.0,229.2,260.3,203.4,122.9,128.2,252.8,99.2,96.0,39.1,46.6,38.0,342.0,159.4,146.5,212.0,115.3,108.9,271.1,105.7,203.4,152.9,131.5,209.9,324.8,320.5,112.1,256.0,155.1,186.2,281.8
BL97TD,105.7,99.2,105.7,193.8,241.0,35.9,46.6,263.6,0.0,266.8,282.9,268.9,243.2,177.6,195.9,177.6,123.9,199.1,202.3,217.4,201.3,58.4,63.8,235.6,252.8,271.1,290.4,119.6,121.8,130.4,58.4,229.2,100.3,128.2,89.6,74.5,262.5,103.5,219.5,244.2,267.9,61.6,147.6,218.5,202.3,186.2,158.3,97.1,35.9,223.8,255.0,209.9,223.8,41.2,48.8,47.7,107.8,63.8,134.7,69.2,85.3,119.6,114.3,46.6,173.3,24.1,248.5,174.4,162.6,141.1,150.8,96.0,108.9,151.9,192.7,247.4,217.4,212.0,171.2,175.5,158.3,288.3,268.9,339.8,252.8,45.5,59.5,207.7,233.5,256.0,222.7,68.1,89.6,59.5,241.0,214.2,250.7,232.4,222.7,195.9,32.6,201.3,177.6,239.9,228.1,231.3,136.8,239.9,228.1,64.9,230.3,218.5,164.8,218.5,107.8,266.8,262.5,342.0,119.6,115.3,193.8,52.0,122.9,96.0,76.7
BN112DH,175.5,183.0,174.4,146.5,147.6,277.5,263.6,93.9,265.7,0.0,47.7,31.6,75.6,164.8,187.3,162.6,353.8,131.5,194.8,209.9,219.5,262.5,267.9,108.9,131.5,111.1,129.3,165.8,162.6,150.8,230.3,75.6,194.8,321.6,250.7,230.3,122.9,184.1,96.0,187.3,224.9,291.5,162.6,79.9,90.6,91.7,206.6,270.0,265.7,158.3,151.9,67.0,58.4,256.0,264.6,263.6,337.7,292.6,166.9,251.7,289.3,324.8,226.0,253.9,103.5,257.1,81.0,126.1,120.7,335.5,345.2,202.3,191.6,134.7,184.1,218.5,190.5,96.0,115.3,184.1,164.8,232.4,32.6,137.9,50.9,274.3,275.4,92.8,55.2,41.2,93.9,227.0,210.9,233.5,241.0,257.1,289.3,232.4,83.1,112.1,256.0,82.1,125.0,70.2,75.6,90.6,331.2,105.7,92.8,214.2,78.8,79.9,300.1,175.5,206.6,99.2,206.6,285.0,314.0,309.7,96.0,245.3,180.9,189.5,271.1
BN212UD,192.7,200.2,191.6,180.9,183.0,293.6,280.7,129.3,282.9,47.7,0.0,40.2,78.8,181.9,204.5,180.9,371.0,134.7,212.0,227.0,236.7,279.7,285.0,112.1,134.7,99.2,122.9,183.0,178.7,168.0,246.4,78.8,212.0,338.7,267.9,247.4,157.2,200.2,99.2,222.7,259.3,307.6,179.8,96.0,107.8,107.8,223.8,287.2,282.9,161.5,155.1,83.1,76.7,273.2,281.8,279.7,354.8,309.7,184.1,267.9,306.5,340.9,243.2,271.1,120.7,274.3,73.5,142.2,137.9,352.7,362.4,219.5,208.8,151.9,202.3,221.7,193.8,106.8,131.5,187.3,174.4,266.8,67.0,172.3,86.4,291.5,292.6,108.9,65.9,43.4,97.1,244.2,228.1,250.7,258.2,275.4,306.5,249.6,93.9,128.2,273.2,99.2,142.2,105.7,110.0,126.1,347.3,108.9,96.0,231.3,89.6,97.1,317.3,210.9,222.7,76.7,241.0,320.5,331.2,326.9,112.1,262.5,198.0,206.6,288.3
BN25BE,177.6,185.2,176.6,165.8,165.8,278.6,265.7,113.2,267.9,31.6,40.2,0.0,71.3,166.9,189.5,165.8,355.9,127.2,197.0,212.0,221.7,264.6,270.0,104.6,127.2,106.8,125.0,168.0,163.7,152.9,232.4,72.4,197.0,323.7,252.8,232.4,141.1,185.2,91.7,206.6,243.2,292.6,164.8,81.0,92.8,92.8,208.8,272.2,267.9,154.0,147.6,68.1,61.6,258.2,266.8,264.6,339.8,294.7,169.0,252.8,291.5,325.9,228.1,256.0,105.7,259.3,76.7,127.2,122.9,337.7,347.3,204.5,193.8,136.8,187.3,214.2,186.2,91.7,116.4,179.8,166.9,250.7,50.9,156.2,69.2,276.4,277.5,93.9,50.9,36.9,89.6,229.2,213.1,235.6,243.2,260.3,291.5,234.6,78.8,113.2,258.2,84.2,127.2,89.6,93.9,110.0,332.3,101.4,88.5,216.3,74.5,82.1,302.2,193.8,207.7,94.9,224.9,303.3,316.2,311.9,97.1,247.4,183.0,191.6,273.2
BR68ND,161.5,160.5,152.9,149.7,163.7,253.9,237.8,129.3,243.2,76.7,87.4,72.4,0.0,150.8,173.3,148.6,331.2,81.0,180.9,195.9,205.6,239.9,245.3,57.4,79.9,65.9,84.2,140.0,135.8,135.8,207.7,25.1,168.0,295.8,213.1,203.4,158.3,170.1,36.9,220.6,244.2,267.9,148.6,64.9,60.6,76.7,192.7,229.2,238.9,106.8,101.4,52.0,45.5,233.5,242.1,241.0,315.1,270.0,141.1,228.1,266.8,301.2,184.1,228.1,77.8,234.6,36.9,99.2,93.9,309.7,318.3,176.6,164.8,107.8,171.2,166.9,140.0,47.7,100.3,132.5,119.6,265.7,91.7,187.3,100.3,251.7,252.8,77.8,41.2,60.6,43.4,201.3,185.2,206.6,227.0,243.2,275.4,218.5,34.8,74.5,233.5,68.1,111.1,106.8,97.1,127.2,304.4,55.2,41.2,191.6,34.8,42.3,282.9,194.8,184.1,55.2,239.9,318.3,288.3,282.9,72.4,218.5,166.9,166.9,244.2
BS105NB,90.6,89.6,98.2,33.7,76.7,187.3,206.6,134.7,176.6,163.7,180.9,165.8,148.6,0.0,38.0,18.7,264.6,170.1,49.8,64.9,74.5,173.3,178.7,169.0,191.6,184.1,202.3,108.9,111.1,92.8,141.1,148.6,132.5,271.1,200.2,179.8,103.5,90.6,137.9,86.4,108.9,201.3,44.5,102.5,118.6,103.5,77.8,219.5,195.9,200.2,213.1,106.8,121.8,166.9,175.5,174.4,248.5,203.4,127.2,162.6,200.2,235.6,186.2,203.4,131.5,168.0,154.0,140.0,122.9,285.0,294.7,151.9,141.1,128.2,40.2,260.3,232.4,129.3,90.6,209.9,171.2,130.4,140.0,210.9,123.9,185.2,186.2,85.3,130.4,154.0,155.1,176.6,160.5,183.0,96.0,113.2,144.3,87.4,133.6,139.0,166.9,102.5,48.8,111.1,99.2,85.3,280.7,173.3,161.5,125.0,134.7,119.6,155.1,60.6,117.5,172.3,104.6,183.0,263.6,259.3,122.9,194.8,65.9,100.3,220.6
BS234TQ,111.1,110.0,118.6,59.5,61.6,207.7,226.0,123.9,197.0,188.4,205.6,190.5,173.3,43.4,0.0,42.3,285.0,194.8,63.8,78.8,89.6,193.8,199.1,193.8,216.3,207.7,227.0,128.2,130.4,112.1,160.5,173.3,152.9,291.5,220.6,200.2,83.1,111.1,162.6,64.9,88.5,221.7,63.8,127.2,142.2,128.2,91.7,239.9,215.2,224.9,237.8,131.5,145.4,187.3,194.8,193.8,268.9,223.8,147.6,181.9,220.6,255.0,206.6,223.8,156.2,187.3,177.6,164.8,147.6,305.4,315.1,172.3,161.5,152.9,54.1,285.0,257.1,154.0,112.1,230.3,191.6,110.0,164.8,235.6,148.6,205.6,205.6,110.0,155.1,178.7,178.7,197.0,180.9,203.4,110.0,127.2,159.4,102.5,158.3,163.7,187.3,127.2,72.4,135.8,123.9,100.3,300.1,198.0,186.2,145.4,158.3,144.3,170.1,39.1,136.8,195.9,83.1,162.6,284.0,279.7,147.6,215.2,85.3,120.7,241.0
BS28HW,91.7,90.6,99.2,27.3,67.0,189.5,207.7,134.7,177.6,163.7,180.9,165.8,148.6,16.5,43.4,0.0,265.7,170.1,50.9,65.9,76.7,174.4,179.8,169.0,192.7,184.1,202.3,110.0,112.1,93.9,142.2,148.6,133.6,273.2,201.3,180.9,90.6,91.7,139.0,91.7,115.3,203.4,45.5,102.5,118.6,103.5,78.8,221.7,197.0,200.2,213.1,107.8,121.8,169.0,176.6,175.5,249.6,205.6,128.2,163.7,201.3,236.7,188.4,205.6,131.5,169.0,154.0,141.1,122.9,286.1,295.8,154.0,142.2,128.2,41.2,260.3,233.5,129.3,90.6,210.9,172.3,135.8,141.1,210.9,123.9,187.3,187.3,86.4,130.4,154.0,155.1,177.6,162.6,184.1,97.1,114.3,146.5,89.6,133.6,139.0,168.0,103.5,48.8,111.1,99.2,85.3,281.8,174.4,161.5,127.2,134.7,120.7,157.2,65.9,118.6,172.3,110.0,189.5,264.6,260.3,122.9,195.9,67.0,101.4,221.7
CA27HY,193.8,187.3,193.8,281.8,329.1,105.7,125.0,351.6,123.9,354.8,372.0,357.0,331.2,266.8,285.0,265.7,0.0,279.7,291.5,306.5,289.3,146.5,142.2,323.7,334.4,360.2,378.5,207.7,209.9,218.5,146.5,317.3,188.4,90.6,171.2,155.1,350.6,192.7,308.7,332.3,355.9,106.8,235.6,306.5,290.4,275.4,246.4,178.7,142.2,305.4,335.5,297.9,311.9,126.1,132.5,123.9,97.1,77.8,222.7,157.2,173.3,207.7,195.9,142.2,262.5,119.6,337.7,262.5,250.7,75.6,81.0,184.1,197.0,239.9,280.7,329.1,299.0,300.1,260.3,257.1,239.9,377.4,357.0,427.9,340.9,90.6,125.0,295.8,321.6,345.2,310.8,170.1,177.6,152.9,329.1,302.2,338.7,320.5,311.9,284.0,133.6,289.3,265.7,328.0,316.2,319.4,89.6,329.1,316.2,154.0,319.4,306.5,252.8,306.5,195.9,354.8,350.6,430.0,111.1,114.3,281.8,145.4,210.9,185.2,132.5
CB20QQ,122.9,119.6,112.1,170.1,193.8,213.1,180.9,159.4,201.3,131.5,142.2,127.2,79.9,171.2,193.8,170.1,279.7,0.0,201.3,216.3,215.2,199.1,204.5,58.4,71.3,107.8,127.2,98.2,94.9,106.8,165.8,65.9,127.2,232.4,148.6,140.0,188.4,129.3,64.9,242.1,264.6,227.0,161.5,94.9,72.4,84.2,172.3,164.8,181.9,45.5,75.6,86.4,215.2,192.7,201.3,199.1,274.3,229.2,91.7,187.3,226.0,260.3,119.6,171.2,61.6,192.7,86.4,47.7,61.6,245.3,255.0,127.2,114.3,72.4,191.6,105.7,78.8,76.7,107.8,64.9,56.3,286.1,146.5,411.8,143.3,210.9,212.0,99.2,96.0,115.3,59.5,151.9,144.3,154.0,247.4,264.6,296.9,239.9,78.8,38.0,192.7,78.8,131.5,135.8,127.2,156.2,241.0,76.7,64.9,150.8,87.4,86.4,242.1,216.3,142.2,275.4,260.3,338.7,612.6,219.5,65.9,164.8,136.8,126.1,180.9
CF144XW,116.4,115.3,123.9,65.9,107.8,213.1,232.4,165.8,202.3,194.8,212.0,197.0,179.8,50.9,63.8,50.9,290.4,201.3,0.0,29.4,38.0,199.1,204.5,200.2,222.7,214.2,233.5,134.7,136.8,118.6,166.9,179.8,158.3,296.9,226.0,205.6,129.3,116.4,169.0,111.1,134.7,227.0,70.2,133.6,148.6,134.7,71.3,245.3,221.7,231.3,244.2,137.9,151.9,192.7,201.3,200.2,274.3,229.2,152.9,164.8,226.0,217.4,212.0,229.2,162.6,193.8,184.1,171.2,154.0,310.8,320.5,177.6,166.9,159.4,26.2,291.5,263.6,160.5,118.6,235.6,197.0,156.2,171.2,242.1,155.1,210.9,212.0,116.4,161.5,185.2,185.2,202.3,186.2,208.8,60.6,76.7,108.9,52.0,164.8,170.1,192.7,133.6,78.8,142.2,130.4,116.4,306.5,204.5,192.7,150.8,165.8,150.8,135.8,85.3,143.3,202.3,130.4,208.8,289.3,285.0,154.0,220.6,90.6,126.1,246.4
CF311RQ,132.5,131.5,140.0,82.1,123.9,229.2,247.4,181.9,218.5,210.9,227.0,213.1,195.9,67.0,79.9,67.0,306.5,217.4,28.4,0.0,48.8,215.2,220.6,216.3,238.9,230.3,248.5,149.7,151.9,134.7,181.9,195.9,174.4,313.0,242.1,221.7,145.4,132.5,185.2,127.2,150.8,243.2,86.4,149.7,164.8,150.8,87.4,261.4,236.7,246.4,259.3,154.0,168.0,208.8,217.4,215.2,290.4,245.3,169.0,180.9,242.1,227.0,228.1,245.3,178.7,208.8,200.2,187.3,169.0,326.9,336.6,193.8,183.0,175.5,42.3,307.6,279.7,176.6,134.7,251.7,213.1,171.2,187.3,258.2,171.2,227.0,228.1,132.5,177.6,200.2,201.3,218.5,202.3,224.9,41.2,58.4,90.6,33.7,179.8,186.2,208.8,149.7,94.9,158.3,145.4,132.5,321.6,220.6,207.7,166.9,180.9,166.9,121.8,101.4,158.3,218.5,145.4,224.9,305.4,301.2,170.1,236.7,106.8,142.2,262.5
CF479DT,115.3,114.3,122.9,91.7,133.6,212.0,230.3,190.5,201.3,219.5,236.7,221.7,204.5,75.6,88.5,75.6,289.3,216.3,38.0,48.8,0.0,158.3,173.3,224.9,248.5,239.9,258.2,132.5,135.8,123.9,164.8,204.5,157.2,295.8,224.9,204.5,154.0,115.3,194.8,136.8,159.4,226.0,82.1,158.3,174.4,159.4,58.4,244.2,219.5,241.0,268.9,163.7,177.6,191.6,200.2,198.0,273.2,228.1,151.9,142.2,181.9,191.6,210.9,228.1,187.3,191.6,209.9,187.3,172.3,309.7,319.4,176.6,165.8,164.8,43.4,302.2,274.3,186.2,139.0,234.6,195.9,180.9,197.0,267.9,180.9,209.9,210.9,142.2,187.3,209.9,210.9,201.3,185.2,207.7,49.8,65.9,98.2,41.2,189.5,194.8,191.6,159.4,104.6,166.9,155.1,142.2,304.4,230.3,217.4,149.7,190.5,176.6,111.1,111.1,141.1,228.1,155.1,233.5,288.3,284.0,179.8,219.5,89.6,125.0,245.3
CH21UL,102.5,96.0,102.5,190.5,237.8,69.2,87.4,260.3,57.4,263.6,280.7,265.7,239.9,175.5,193.8,174.4,145.4,199.1,199.1,214.2,158.3,0.0,26.2,232.4,255.0,267.9,287.2,116.4,118.6,127.2,43.4,226.0,97.1,169.0,130.4,115.3,259.3,100.3,216.3,241.0,264.6,83.1,144.3,215.2,199.1,184.1,118.6,137.9,76.7,224.9,255.0,206.6,220.6,36.9,35.9,42.3,129.3,84.2,131.5,26.2,44.5,79.9,141.1,87.4,170.1,48.8,246.4,171.2,159.4,181.9,191.6,121.8,118.6,148.6,162.6,285.0,257.1,208.8,168.0,202.3,178.7,285.0,265.7,336.6,249.6,65.9,62.7,204.5,230.3,252.8,219.5,94.9,103.5,87.4,180.9,170.1,206.6,186.2,219.5,192.7,50.9,198.0,174.4,236.7,224.9,228.1,177.6,236.7,224.9,61.6,228.1,215.2,126.1,215.2,63.8,263.6,259.3,338.7,160.5,156.2,190.5,92.8,119.6,84.2,117.5
CH495PE,108.9,101.4,108.9,195.9,243.2,63.8,91.7,265.7,61.6,270.0,286.1,271.1,246.4,180.9,199.1,180.9,140.0,204.5,205.6,220.6,173.3,27.3,0.0,237.8,261.4,274.3,292.6,121.8,123.9,132.5,54.1,231.3,103.5,172.3,133.6,119.6,264.6,106.8,222.7,246.4,270.0,77.8,150.8,221.7,204.5,189.5,132.5,141.1,81.0,230.3,260.3,212.0,227.0,35.9,20.8,27.3,123.9,79.9,136.8,40.2,50.9,85.3,147.6,91.7,176.6,53.1,251.7,176.6,165.8,186.2,195.9,127.2,125.0,155.1,195.9,290.4,263.6,214.2,174.4,208.8,184.1,291.5,272.2,342.0,255.0,61.6,48.8,210.9,235.6,259.3,224.9,100.3,108.9,92.8,194.8,185.2,220.6,201.3,226.0,199.1,57.4,203.4,180.9,242.1,230.3,233.5,181.9,243.2,230.3,68.1,233.5,220.6,130.4,220.6,75.6,268.9,265.7,344.1,164.8,160.5,195.9,97.1,125.0,99.2,121.8
CM17ET,157.2,154.0,146.5,171.2,193.8,247.4,222.7,159.4,236.7,110.0,119.6,105.7,58.4,172.3,193.8,170.1,324.8,58.4,201.3,216.3,227.0,233.5,238.9,0.0,41.2,86.4,104.6,132.5,129.3,135.8,200.2,43.4,161.5,274.3,190.5,181.9,188.4,163.7,55.2,242.1,265.7,261.4,159.4,94.9,68.1,84.2,206.6,206.6,223.8,62.7,61.6,85.3,78.8,227.0,235.6,233.5,308.7,263.6,133.6,221.7,260.3,294.7,161.5,213.1,71.3,227.0,63.8,89.6,87.4,287.2,296.9,170.1,158.3,101.4,191.6,123.9,117.5,65.9,108.9,111.1,98.2,286.1,125.0,220.6,133.6,245.3,246.4,99.2,73.5,92.8,36.9,193.8,178.7,195.9,247.4,264.6,296.9,239.9,69.2,68.1,227.0,78.8,132.5,135.8,127.2,157.2,282.9,38.0,34.8,185.2,77.8,82.1,276.4,216.3,176.6,81.0,260.3,338.7,265.7,261.4,65.9,206.6,171.2,160.5,222.7
CO45JL,177.6,174.4,168.0,191.6,214.2,268.9,234.6,180.9,255.0,130.4,141.1,126.1,78.8,192.7,215.2,191.6,333.4,70.2,222.7,237.8,247.4,255.0,260.3,39.1,0.0,106.8,126.1,154.0,149.7,156.2,221.7,64.9,183.0,286.1,202.3,193.8,208.8,184.1,76.7,263.6,286.1,282.9,180.9,116.4,89.6,105.7,227.0,218.5,235.6,52.0,32.6,105.7,99.2,248.5,256.0,255.0,329.1,285.0,145.4,243.2,280.7,316.2,173.3,224.9,91.7,248.5,84.2,101.4,108.9,300.1,308.7,180.9,168.0,122.9,213.1,94.9,79.9,87.4,129.3,104.6,110.0,307.6,145.4,241.0,154.0,266.8,266.8,119.6,94.9,114.3,58.4,205.6,199.1,207.7,268.9,286.1,317.3,260.3,89.6,89.6,247.4,100.3,152.9,157.2,147.6,177.6,294.7,54.1,52.0,206.6,99.2,103.5,297.9,236.7,198.0,102.5,281.8,360.2,278.6,273.2,86.4,218.5,191.6,180.9,234.6
CT13NG,191.6,188.4,180.9,181.9,195.9,282.9,265.7,161.5,271.1,108.9,99.2,104.6,64.9,183.0,205.6,180.9,359.1,108.9,213.1,228.1,237.8,267.9,273.2,85.3,108.9,0.0,36.9,168.0,163.7,168.0,235.6,49.8,195.9,323.7,241.0,232.4,190.5,198.0,74.5,252.8,276.4,296.9,180.9,97.1,103.5,108.9,224.9,257.1,266.8,134.7,129.3,84.2,77.8,262.5,270.0,268.9,343.0,299.0,169.0,257.1,294.7,330.1,212.0,256.0,105.7,262.5,41.2,127.2,122.9,337.7,347.3,204.5,193.8,136.8,202.3,195.9,168.0,85.3,132.5,160.5,148.6,296.9,123.9,219.5,132.5,280.7,280.7,110.0,73.5,91.7,71.3,229.2,213.1,235.6,259.3,275.4,307.6,250.7,76.7,103.5,261.4,99.2,143.3,137.9,129.3,158.3,332.3,83.1,69.2,220.6,89.6,89.6,310.8,227.0,212.0,30.5,271.1,350.6,316.2,311.9,100.3,247.4,199.1,194.8,272.2
CT94AN,209.9,205.6,199.1,199.1,213.1,300.1,282.9,179.8,289.3,126.1,121.8,121.8,82.1,200.2,222.7,199.1,377.4,126.1,230.3,245.3,255.0,286.1,291.5,103.5,126.1,35.9,0.0,185.2,181.9,186.2,252.8,68.1,214.2,340.9,258.2,249.6,207.7,215.2,91.7,271.1,293.6,314.0,199.1,114.3,120.7,126.1,242.1,274.3,285.0,152.9,146.5,102.5,94.9,279.7,287.2,286.1,361.3,316.2,186.2,274.3,313.0,347.3,229.2,273.2,122.9,279.7,58.4,145.4,140.0,354.8,364.5,221.7,210.9,154.0,220.6,213.1,185.2,102.5,150.8,178.7,165.8,315.1,141.1,236.7,149.7,297.9,297.9,127.2,90.6,110.0,88.5,246.4,230.3,252.8,276.4,293.6,324.8,267.9,93.9,120.7,279.7,117.5,160.5,156.2,146.5,176.6,350.6,100.3,87.4,237.8,107.8,107.8,329.1,245.3,229.2,55.2,289.3,367.7,333.4,329.1,118.6,264.6,216.3,212.0,290.4
CV107DJ,40.2,36.9,29.4,125.0,172.3,130.4,127.2,170.1,119.6,166.9,183.0,169.0,140.0,110.0,128.2,110.0,207.7,98.2,134.7,149.7,132.5,116.4,121.8,131.5,155.1,168.0,186.2,0.0,17.6,30.5,84.2,125.0,57.4,185.2,113.2,92.8,193.8,46.6,116.4,175.5,199.1,144.3,78.8,118.6,98.2,93.9,89.6,133.6,128.2,123.9,154.0,110.0,123.9,110.0,118.6,117.5,191.6,146.5,30.5,105.7,143.3,178.7,89.6,117.5,70.2,111.1,145.4,70.2,59.5,199.1,207.7,65.9,54.1,48.8,123.9,184.1,157.2,107.8,78.8,117.5,77.8,220.6,175.5,246.4,159.4,128.2,129.3,114.3,133.6,156.2,118.6,90.6,74.5,96.0,172.3,189.5,220.6,163.7,119.6,92.8,110.0,103.5,108.9,146.5,134.7,156.2,193.8,136.8,123.9,68.1,127.2,114.3,159.4,149.7,60.6,162.6,194.8,273.2,177.6,172.3,89.6,107.8,54.1,43.4,133.6
CV22DX,42.3,38.0,31.6,126.1,174.4,132.5,127.2,162.6,121.8,162.6,179.8,164.8,135.8,111.1,129.3,111.1,209.9,94.9,135.8,150.8,134.7,118.6,123.9,128.2,150.8,163.7,183.0,17.6,0.0,23.0,85.3,121.8,58.4,185.2,114.3,93.9,191.6,47.7,112.1,177.6,200.2,146.5,81.0,114.3,94.9,86.4,91.7,133.6,129.3,119.6,150.8,105.7,119.6,112.1,119.6,118.6,193.8,148.6,30.5,106.8,145.4,179.8,89.6,117.5,65.9,112.1,141.1,67.0,55.2,199.1,208.8,65.9,55.2,44.5,126.1,180.9,152.9,103.5,71.3,113.2,74.5,221.7,169.0,238.9,151.9,130.4,130.4,106.8,129.3,152.9,115.3,90.6,74.5,97.1,173.3,190.5,222.7,165.8,115.3,88.5,111.1,99.2,93.9,139.0,127.2,149.7,194.8,132.5,120.7,70.2,122.9,110.0,161.5,151.9,61.6,159.4,195.9,274.3,177.6,173.3,86.4,108.9,55.2,44.5,134.7
CV345BW,41.2,46.6,39.1,108.9,156.2,141.1,140.0,147.6,129.3,150.8,166.9,152.9,134.7,93.9,112.1,93.9,217.4,107.8,119.6,134.7,125.0,127.2,132.5,134.7,157.2,170.1,189.5,30.5,24.1,0.0,93.9,128.2,69.2,198.0,126.1,105.7,175.5,48.8,114.3,159.4,183.0,155.1,63.8,102.5,93.9,70.2,82.1,146.5,141.1,132.5,163.7,93.9,107.8,120.7,128.2,127.2,201.3,157.2,43.4,115.3,152.9,188.4,102.5,130.4,72.4,120.7,140.0,73.5,61.6,212.0,220.6,78.8,67.0,50.9,110.0,193.8,165.8,104.6,55.2,126.1,87.4,204.5,152.9,223.8,136.8,139.0,139.0,91.7,117.5,140.0,121.8,103.5,87.4,108.9,163.7,180.9,213.1,156.2,115.3,94.9,119.6,84.2,85.3,123.9,111.1,133.6,206.6,139.0,127.2,78.8,115.3,102.5,170.1,133.6,70.2,158.3,178.7,257.1,190.5,185.2,91.7,120.7,45.5,53.1,146.5
CW14QJ,70.2,63.8,70.2,157.2,205.6,70.2,88.5,227.0,58.4,231.3,247.4,232.4,207.7,142.2,160.5,142.2,146.5,165.8,166.9,181.9,165.8,43.4,54.1,200.2,222.7,235.6,253.9,83.1,85.3,94.9,0.0,192.7,64.9,170.1,131.5,106.8,226.0,68.1,184.1,208.8,231.3,84.2,112.1,183.0,165.8,150.8,121.8,139.0,77.8,191.6,222.7,173.3,188.4,49.8,57.4,56.3,130.4,86.4,98.2,43.4,72.4,107.8,132.5,88.5,137.9,49.8,213.1,137.9,127.2,183.0,192.7,89.6,86.4,116.4,157.2,252.8,224.9,175.5,135.8,185.2,146.5,252.8,233.5,304.4,217.4,68.1,68.1,172.3,197.0,220.6,187.3,91.7,98.2,85.3,204.5,185.2,253.9,197.0,187.3,160.5,48.8,164.8,142.2,203.4,191.6,195.9,178.7,204.5,191.6,29.4,194.8,181.9,141.1,183.0,55.2,231.3,227.0,305.4,161.5,157.2,157.2,93.9,86.4,60.6,118.6
DA28DA,149.7,146.5,139.0,149.7,163.7,241.0,223.8,130.4,229.2,76.7,87.4,72.4,25.1,150.8,173.3,148.6,317.3,67.0,180.9,195.9,205.6,226.0,231.3,43.4,67.0,50.9,69.2,126.1,121.8,128.2,193.8,0.0,154.0,281.8,199.1,189.5,158.3,156.2,33.7,220.6,244.2,255.0,148.6,64.9,61.6,76.7,192.7,215.2,224.9,92.8,87.4,52.0,45.5,220.6,228.1,227.0,301.2,257.1,127.2,215.2,252.8,288.3,170.1,214.2,63.8,220.6,30.5,85.3,81.0,295.8,305.4,162.6,151.9,94.9,171.2,154.0,126.1,44.5,100.3,118.6,106.8,265.7,91.7,187.3,100.3,238.9,238.9,77.8,41.2,60.6,29.4,187.3,171.2,193.8,227.0,243.2,275.4,218.5,35.9,61.6,219.5,68.1,111.1,106.8,97.1,127.2,290.4,41.2,27.3,178.7,46.6,49.8,268.9,194.8,170.1,45.5,239.9,318.3,274.3,270.0,58.4,205.6,163.7,152.9,230.3
DE223NE,60.6,54.1,48.8,148.6,197.0,112.1,93.9,201.3,100.3,195.9,213.1,198.0,169.0,133.6,151.9,133.6,188.4,128.2,158.3,173.3,157.2,97.1,102.5,161.5,184.1,197.0,216.3,57.4,59.5,68.1,64.9,155.1,0.0,151.9,81.0,60.6,217.4,60.6,145.4,200.2,223.8,126.1,103.5,147.6,127.2,123.9,114.3,100.3,96.0,152.9,184.1,139.0,152.9,91.7,99.2,98.2,172.3,127.2,47.7,91.7,123.9,159.4,77.8,84.2,99.2,91.7,174.4,100.3,88.5,165.8,175.5,32.6,28.4,77.8,148.6,214.2,186.2,136.8,108.9,120.7,93.9,244.2,205.6,277.5,190.5,108.9,110.0,145.4,162.6,186.2,148.6,57.4,41.2,63.8,197.0,213.1,245.3,188.4,148.6,121.8,90.6,132.5,133.6,177.6,165.8,187.3,161.5,165.8,152.9,46.6,156.2,143.3,164.8,174.4,64.9,192.7,218.5,296.9,144.3,140.0,118.6,75.6,78.8,53.1,101.4
DH15TW,200.2,195.9,189.5,288.3,335.5,128.2,102.5,333.4,130.4,322.6,338.7,324.8,294.7,273.2,291.5,273.2,90.6,231.3,297.9,313.0,296.9,169.0,174.4,273.2,286.1,323.7,342.0,185.2,186.2,198.0,169.0,280.7,151.9,0.0,122.9,106.8,361.3,205.6,272.2,338.7,362.4,137.9,243.2,274.3,253.9,257.1,252.8,130.4,111.1,257.1,287.2,265.7,279.7,151.9,159.4,158.3,128.2,108.9,174.4,179.8,195.9,230.3,147.6,93.9,226.0,134.7,301.2,226.0,215.2,27.3,36.9,135.8,148.6,204.5,288.3,280.7,250.7,263.6,242.1,208.8,191.6,383.8,331.2,409.6,322.6,121.8,170.1,277.5,289.3,311.9,274.3,121.8,129.3,104.6,335.5,352.7,383.8,326.9,275.4,236.7,140.0,259.3,273.2,309.7,297.9,319.4,25.1,292.6,279.7,175.5,282.9,270.0,274.3,313.0,209.9,318.3,358.1,436.5,32.6,44.5,245.3,97.1,217.4,197.0,84.2
DN157BH,127.2,123.9,116.4,216.3,263.6,112.1,70.2,261.4,90.6,250.7,266.8,251.7,213.1,201.3,219.5,200.2,170.1,149.7,224.9,239.9,223.8,129.3,134.7,191.6,204.5,241.0,260.3,113.2,114.3,126.1,129.3,199.1,79.9,121.8,0.0,31.6,289.3,133.6,200.2,266.8,290.4,132.5,170.1,202.3,181.9,184.1,180.9,42.3,71.3,175.5,205.6,193.8,207.7,112.1,119.6,118.6,178.7,134.7,101.4,140.0,156.2,190.5,44.5,60.6,154.0,94.9,219.5,145.4,143.3,135.8,145.4,63.8,76.7,132.5,215.2,184.1,154.0,191.6,169.0,112.1,110.0,311.9,259.3,336.6,250.7,116.4,130.4,205.6,216.3,239.9,192.7,54.1,56.3,53.1,263.6,279.7,311.9,255.0,203.4,154.0,100.3,186.2,200.2,237.8,224.9,247.4,131.5,209.9,198.0,117.5,210.9,198.0,236.7,241.0,136.8,236.7,285.0,364.5,114.3,110.0,173.3,54.1,145.4,125.0,63.8
DN25LT,107.8,103.5,97.1,195.9,244.2,98.2,56.3,241.0,76.7,230.3,247.4,232.4,203.4,180.9,199.1,180.9,155.1,140.0,205.6,220.6,204.5,115.3,120.7,180.9,193.8,231.3,249.6,93.9,94.9,105.7,105.7,188.4,59.5,107.8,31.6,0.0,270.0,114.3,179.8,247.4,270.0,118.6,150.8,181.9,161.5,164.8,160.5,52.0,57.4,164.8,195.9,173.3,187.3,98.2,105.7,104.6,164.8,119.6,82.1,126.1,142.2,176.6,55.2,46.6,133.6,81.0,208.8,134.7,122.9,120.7,130.4,43.4,56.3,112.1,195.9,188.4,158.3,171.2,149.7,116.4,99.2,291.5,239.9,317.3,230.3,101.4,116.4,185.2,197.0,220.6,181.9,33.7,36.9,28.4,243.2,260.3,292.6,235.6,183.0,144.3,75.6,166.9,180.9,217.4,205.6,228.1,116.4,200.2,187.3,98.2,190.5,177.6,216.3,221.7,117.5,226.0,265.7,344.1,99.2,94.9,152.9,40.2,125.0,105.7,56.3
DT12JY,176.6,175.5,184.1,87.4,31.6,274.3,292.6,47.7,262.5,122.9,157.2,141.1,157.2,98.2,83.1,90.6,350.6,187.3,130.4,145.4,155.1,260.3,265.7,186.2,208.8,192.7,210.9,198.0,191.6,175.5,227.0,157.2,218.5,361.3,289.3,268.9,0.0,176.6,155.1,73.5,113.2,288.3,130.4,103.5,135.8,130.4,158.3,309.7,281.8,217.4,230.3,116.4,130.4,253.9,261.4,260.3,334.4,290.4,206.6,248.5,286.1,321.6,265.7,293.6,148.6,253.9,162.6,170.1,165.8,375.3,383.8,242.1,230.3,177.6,120.7,277.5,249.6,146.5,137.9,237.8,209.9,117.5,99.2,170.1,83.1,272.2,272.2,112.1,139.0,145.4,172.3,266.8,250.7,272.2,176.6,193.8,224.9,168.0,150.8,156.2,252.8,127.2,107.8,67.0,74.5,55.2,369.9,187.3,174.4,212.0,143.3,136.8,235.6,63.8,203.4,180.9,91.7,170.1,353.8,348.4,140.0,284.0,151.9,186.2,309.7
DY12HQ,25.1,18.7,32.6,107.8,155.1,114.3,132.5,180.9,103.5,184.1,200.2,186.2,169.0,92.8,111.1,91.7,191.6,128.2,117.5,132.5,115.3,100.3,105.7,161.5,185.2,198.0,216.3,45.5,47.7,47.7,67.0,155.1,59.5,203.4,132.5,111.1,176.6,0.0,146.5,158.3,181.9,128.2,61.6,135.8,127.2,103.5,72.4,151.9,121.8,154.0,184.1,127.2,141.1,93.9,101.4,100.3,175.5,130.4,64.9,87.4,127.2,161.5,119.6,133.6,100.3,93.9,175.5,100.3,89.6,217.4,227.0,84.2,74.5,78.8,106.8,214.2,187.3,137.9,88.5,147.6,107.8,203.4,186.2,257.1,170.1,112.1,112.1,125.0,150.8,173.3,148.6,108.9,92.8,115.3,155.1,172.3,203.4,146.5,149.7,121.8,93.9,117.5,91.7,157.2,144.3,145.4,212.0,166.9,154.0,52.0,148.6,135.8,142.2,132.5,42.3,192.7,176.6,256.0,195.9,191.6,119.6,127.2,36.9,21.9,151.9
E11BB,140.0,136.8,130.4,137.9,160.5,231.3,214.2,127.2,220.6,97.1,106.8,91.7,36.9,139.0,161.5,137.9,307.6,64.9,169.0,184.1,193.8,217.4,222.7,55.2,77.8,74.5,92.8,116.4,112.1,115.3,184.1,33.7,145.4,272.2,201.3,180.9,155.1,146.5,0.0,209.9,232.4,245.3,130.4,61.6,35.9,55.2,171.2,213.1,216.3,90.6,98.2,53.1,45.5,210.9,218.5,217.4,291.5,247.4,117.5,205.6,244.2,278.6,168.0,204.5,54.1,210.9,50.9,75.6,71.3,286.1,295.8,152.9,142.2,85.3,159.4,151.9,123.9,16.5,79.9,117.5,104.6,253.9,112.1,188.4,102.5,229.2,229.2,65.9,55.2,79.9,30.5,177.6,161.5,184.1,215.2,232.4,263.6,206.6,19.8,56.3,209.9,47.7,99.2,103.5,93.9,123.9,281.8,56.3,42.3,169.0,28.4,30.5,260.3,183.0,160.5,69.2,228.1,306.5,264.6,260.3,43.4,195.9,145.4,143.3,221.7
EX25DW,158.3,157.2,165.8,106.8,64.9,255.0,273.2,113.2,244.2,187.3,222.7,206.6,220.6,90.6,64.9,89.6,332.3,242.1,112.1,127.2,136.8,241.0,246.4,241.0,263.6,256.0,274.3,176.6,178.7,160.5,208.8,220.6,200.2,338.7,267.9,247.4,73.5,158.3,209.9,0.0,67.0,268.9,112.1,158.3,190.5,175.5,140.0,287.2,263.6,272.2,285.0,178.7,193.8,234.6,243.2,242.1,316.2,271.1,194.8,229.2,267.9,302.2,253.9,271.1,203.4,235.6,226.0,212.0,194.8,352.7,362.4,219.5,208.8,200.2,101.4,332.3,304.4,201.3,160.5,277.5,238.9,59.5,164.8,235.6,148.6,252.8,253.9,157.2,202.3,226.0,227.0,244.2,228.1,250.7,158.3,174.4,206.6,149.7,205.6,210.9,234.6,174.4,120.7,132.5,142.2,117.5,348.4,245.3,233.5,192.7,206.6,191.6,217.4,42.3,185.2,244.2,33.7,108.9,331.2,326.9,194.8,262.5,132.5,168.0,288.3
EX314JB,180.9,179.8,188.4,130.4,91.7,278.6,296.9,154.0,266.8,223.8,259.3,242.1,244.2,114.3,87.4,113.2,354.8,264.6,134.7,149.7,159.4,264.6,270.0,264.6,287.2,278.6,296.9,199.1,201.3,183.0,231.3,244.2,223.8,362.4,290.4,270.0,113.2,180.9,233.5,67.0,0.0,292.6,134.7,185.2,213.1,199.1,162.6,310.8,286.1,294.7,307.6,202.3,216.3,258.2,265.7,264.6,338.7,294.7,218.5,252.8,290.4,325.9,277.5,294.7,226.0,258.2,248.5,235.6,217.4,376.3,384.9,243.2,231.3,223.8,125.0,355.9,328.0,224.9,183.0,301.2,261.4,90.6,200.2,271.1,184.1,276.4,276.4,180.9,226.0,248.5,249.6,267.9,251.7,273.2,180.9,198.0,229.2,172.3,228.1,234.6,257.1,198.0,143.3,169.0,169.0,143.3,371.0,268.9,256.0,216.3,229.2,215.2,239.9,64.9,207.7,266.8,85.3,112.1,354.8,349.5,218.5,285.0,156.2,190.5,310.8
FY38NR,130.4,122.9,130.4,217.4,264.6,41.2,88.5,287.2,59.5,290.4,307.6,292.6,266.8,202.3,220.6,202.3,105.7,226.0,227.0,242.1,224.9,82.1,77.8,259.3,282.9,295.8,314.0,143.3,145.4,154.0,82.1,252.8,123.9,137.9,131.5,116.4,286.1,128.2,244.2,267.9,291.5,0.0,171.2,242.1,226.0,210.9,181.9,139.0,77.8,251.7,281.8,233.5,247.4,61.6,68.1,59.5,89.6,44.5,158.3,92.8,108.9,143.3,157.2,89.6,198.0,55.2,273.2,198.0,187.3,160.5,170.1,131.5,145.4,175.5,216.3,290.4,260.3,235.6,195.9,218.5,201.3,313.0,292.6,363.4,276.4,25.1,57.4,231.3,257.1,280.7,246.4,107.8,125.0,102.5,264.6,237.8,274.3,256.0,247.4,219.5,69.2,224.9,201.3,263.6,251.7,255.0,156.2,264.6,251.7,89.6,255.0,242.1,188.4,242.1,131.5,290.4,286.1,365.6,144.3,147.6,217.4,94.9,146.5,120.7,119.6
GL13NN,61.6,60.6,69.2,61.6,108.9,158.3,176.6,133.6,147.6,162.6,179.8,165.8,147.6,46.6,64.9,46.6,235.6,161.5,72.4,87.4,82.1,144.3,149.7,157.2,179.8,183.0,201.3,78.8,82.1,63.8,111.1,148.6,103.5,242.1,171.2,150.8,130.4,61.6,130.4,112.1,135.8,172.3,0.0,101.4,108.9,86.4,52.0,190.5,165.8,187.3,201.3,106.8,120.7,137.9,146.5,144.3,219.5,174.4,98.2,132.5,171.2,205.6,157.2,174.4,114.3,137.9,152.9,114.3,96.0,256.0,265.7,122.9,112.1,102.5,61.6,248.5,220.6,120.7,62.7,180.9,142.2,157.2,140.0,210.9,123.9,156.2,157.2,85.3,130.4,152.9,144.3,147.6,131.5,154.0,118.6,134.7,166.9,110.0,132.5,127.2,137.9,102.5,45.5,110.0,98.2,99.2,250.7,161.5,149.7,96.0,133.6,119.6,148.6,86.4,87.4,171.2,131.5,209.9,234.6,230.3,111.1,165.8,35.9,71.3,191.6
GU167UJ,129.3,135.8,127.2,103.5,110.0,230.3,217.4,75.6,218.5,81.0,98.2,83.1,65.9,104.6,127.2,103.5,306.5,96.0,134.7,149.7,159.4,215.2,220.6,94.9,117.5,100.3,119.6,118.6,115.3,103.5,183.0,65.9,147.6,275.4,203.4,183.0,104.6,136.8,63.8,159.4,186.2,244.2,103.5,0.0,43.4,44.5,146.5,222.7,218.5,125.0,137.9,24.1,38.0,209.9,217.4,216.3,290.4,246.4,119.6,204.5,242.1,277.5,179.8,206.6,57.4,209.9,70.2,78.8,73.5,288.3,297.9,156.2,144.3,87.4,125.0,186.2,158.3,55.2,68.1,146.5,117.5,204.5,71.3,149.7,62.7,228.1,228.1,31.6,47.7,71.3,79.9,179.8,164.8,186.2,180.9,198.0,229.2,172.3,58.4,64.9,208.8,34.8,64.9,52.0,43.4,72.4,284.0,96.0,82.1,168.0,50.9,45.5,239.9,137.9,159.4,88.5,177.6,257.1,266.8,262.5,48.8,198.0,123.9,142.2,223.8
HA13UJ,118.6,118.6,111.1,118.6,141.1,213.1,195.9,107.8,201.3,90.6,107.8,92.8,60.6,119.6,142.2,118.6,289.3,72.4,149.7,164.8,174.4,198.0,203.4,68.1,90.6,103.5,121.8,98.2,93.9,93.9,165.8,61.6,126.1,253.9,183.0,161.5,135.8,127.2,34.8,190.5,213.1,227.0,110.0,43.4,0.0,34.8,149.7,202.3,197.0,102.5,111.1,33.7,45.5,191.6,200.2,199.1,273.2,228.1,99.2,187.3,224.9,260.3,158.3,186.2,35.9,192.7,79.9,57.4,52.0,267.9,277.5,134.7,123.9,67.0,140.0,163.7,135.8,25.1,58.4,122.9,94.9,234.6,100.3,177.6,90.6,209.9,210.9,46.6,57.4,81.0,48.8,159.4,143.3,165.8,195.9,213.1,244.2,187.3,38.0,41.2,191.6,27.3,79.9,84.2,74.5,104.6,262.5,72.4,59.5,149.7,39.1,26.2,241.0,164.8,142.2,98.2,208.8,287.2,246.4,241.0,19.8,176.6,123.9,125.0,202.3
HP112TT,96.0,102.5,94.9,103.5,134.7,197.0,198.0,101.4,186.2,90.6,107.8,92.8,75.6,104.6,127.2,103.5,274.3,83.1,134.7,149.7,159.4,183.0,188.4,82.1,104.6,110.0,129.3,92.8,86.4,70.2,149.7,75.6,125.0,256.0,185.2,164.8,130.4,103.5,54.1,175.5,198.0,210.9,86.4,42.3,33.7,0.0,127.2,204.5,199.1,112.1,125.0,33.7,47.7,176.6,184.1,183.0,258.2,213.1,101.4,171.2,209.9,244.2,160.5,188.4,44.5,176.6,79.9,65.9,60.6,270.0,279.7,136.8,126.1,72.4,125.0,173.3,145.4,45.5,34.8,133.6,104.6,219.5,100.3,177.6,90.6,194.8,194.8,31.6,57.4,81.0,69.2,161.5,145.4,168.0,180.9,198.0,229.2,172.3,55.2,52.0,176.6,25.1,64.9,77.8,68.1,98.2,264.6,86.4,74.5,134.7,56.3,42.3,226.0,149.7,126.1,98.2,193.8,272.2,248.5,244.2,35.9,179.8,101.4,110.0,204.5
HR12ER,72.4,71.3,79.9,93.9,135.8,169.0,187.3,177.6,158.3,206.6,223.8,208.8,191.6,78.8,91.7,78.8,246.4,172.3,72.4,87.4,59.5,118.6,132.5,198.0,220.6,226.0,245.3,89.6,91.7,81.0,121.8,191.6,114.3,252.8,181.9,161.5,157.2,72.4,171.2,139.0,162.6,183.0,52.0,145.4,149.7,127.2,0.0,201.3,176.6,198.0,228.1,149.7,163.7,148.6,141.1,155.1,230.3,185.2,108.9,101.4,141.1,176.6,168.0,185.2,144.3,148.6,195.9,144.3,128.2,266.8,276.4,133.6,122.9,121.8,52.0,258.2,231.3,161.5,103.5,191.6,151.9,184.1,183.0,253.9,166.9,166.9,166.9,128.2,173.3,197.0,185.2,158.3,142.2,164.8,98.2,115.3,146.5,89.6,176.6,165.8,147.6,145.4,89.6,154.0,142.2,143.3,261.4,202.3,190.5,106.8,176.6,162.6,105.7,113.2,82.1,214.2,158.3,236.7,245.3,241.0,151.9,176.6,45.5,81.0,201.3
HU32JZ,147.6,144.3,136.8,236.7,284.0,120.7,77.8,280.7,98.2,271.1,287.2,272.2,229.2,220.6,239.9,220.6,177.6,165.8,245.3,260.3,244.2,136.8,142.2,206.6,219.5,257.1,275.4,133.6,134.7,146.5,137.9,214.2,100.3,130.4,42.3,50.9,309.7,154.0,214.2,287.2,310.8,140.0,190.5,222.7,202.3,204.5,201.3,0.0,79.9,190.5,221.7,213.1,228.1,119.6,128.2,127.2,187.3,142.2,121.8,148.6,163.7,199.1,60.6,68.1,174.4,102.5,234.6,160.5,162.6,144.3,152.9,84.2,97.1,151.9,235.6,200.2,169.0,212.0,189.5,127.2,125.0,331.2,279.7,357.0,271.1,123.9,139.0,226.0,236.7,260.3,207.7,74.5,76.7,73.5,284.0,300.1,332.3,275.4,223.8,170.1,107.8,206.6,220.6,257.1,245.3,267.9,139.0,226.0,213.1,137.9,231.3,218.5,243.2,261.4,157.2,251.7,305.4,384.9,122.9,117.5,193.8,62.7,165.8,145.4,61.6
HX30PW,123.9,117.5,123.9,210.9,259.3,59.5,25.1,277.5,38.0,266.8,282.9,268.9,239.9,195.9,214.2,195.9,142.2,183.0,220.6,235.6,219.5,76.7,82.1,223.8,236.7,267.9,286.1,129.3,130.4,142.2,76.7,224.9,96.0,111.1,72.4,57.4,279.7,121.8,216.3,262.5,285.0,78.8,165.8,218.5,198.0,201.3,175.5,79.9,0.0,207.7,238.9,209.9,223.8,59.5,67.0,65.9,126.1,81.0,118.6,87.4,102.5,137.9,98.2,30.5,170.1,42.3,245.3,170.1,159.4,125.0,134.7,79.9,92.8,148.6,210.9,231.3,201.3,207.7,185.2,159.4,142.2,306.5,275.4,353.8,266.8,62.7,77.8,221.7,233.5,256.0,219.5,60.6,73.5,43.4,258.2,232.4,267.9,250.7,219.5,187.3,47.7,203.4,195.9,253.9,242.1,249.6,120.7,236.7,223.8,83.1,227.0,214.2,181.9,236.7,126.1,263.6,280.7,359.1,103.5,99.2,189.5,35.9,140.0,114.3,60.6
IP332QZ,148.6,144.3,137.9,200.2,222.7,238.9,206.6,189.5,227.0,157.2,168.0,152.9,105.7,201.3,223.8,199.1,305.4,45.5,231.3,246.4,241.0,224.9,230.3,62.7,52.0,133.6,152.9,123.9,119.6,132.5,191.6,91.7,152.9,258.2,174.4,165.8,217.4,154.0,90.6,271.1,294.7,252.8,187.3,123.9,102.5,114.3,198.0,190.5,207.7,0.0,42.3,115.3,126.1,218.5,226.0,224.9,300.1,255.0,117.5,213.1,251.7,286.1,145.4,195.9,91.7,218.5,111.1,73.5,87.4,271.1,280.7,151.9,140.0,97.1,220.6,86.4,58.4,102.5,132.5,62.7,82.1,316.2,172.3,259.3,172.3,236.7,236.7,128.2,121.8,141.1,85.3,177.6,169.0,179.8,277.5,293.6,325.9,268.9,104.6,68.1,217.4,108.9,161.5,165.8,156.2,186.2,266.8,96.0,90.6,176.6,113.2,115.3,267.9,245.3,168.0,129.3,289.3,368.8,249.6,245.3,94.9,190.5,162.6,150.8,206.6
IP45PD,179.8,175.5,169.0,214.2,236.7,270.0,236.7,202.3,258.2,152.9,162.6,148.6,101.4,215.2,236.7,213.1,336.6,76.7,244.2,259.3,270.0,256.0,261.4,60.6,32.6,129.3,147.6,155.1,150.8,163.7,222.7,86.4,184.1,288.3,205.6,197.0,231.3,185.2,98.2,285.0,308.7,284.0,202.3,137.9,111.1,127.2,229.2,221.7,238.9,42.3,0.0,128.2,121.8,249.6,257.1,256.0,331.2,286.1,148.6,244.2,282.9,317.3,176.6,227.0,114.3,249.6,106.8,104.6,118.6,302.2,311.9,183.0,171.2,128.2,234.6,74.5,70.2,108.9,151.9,93.9,113.2,329.1,168.0,263.6,176.6,267.9,267.9,142.2,116.4,135.8,79.9,207.7,200.2,210.9,290.4,307.6,339.8,282.9,112.1,99.2,248.5,122.9,175.5,178.7,170.1,200.2,297.9,75.6,73.5,207.7,120.7,125.0,299.0,259.3,199.1,123.9,303.3,382.8,280.7,276.4,108.9,221.7,192.7,181.9,237.8
KT160PZ,118.6,126.1,117.5,106.8,120.7,219.5,206.6,87.4,208.8,67.0,84.2,69.2,52.0,107.8,130.4,106.8,296.9,85.3,137.9,152.9,162.6,205.6,210.9,84.2,106.8,86.4,105.7,108.9,105.7,93.9,173.3,52.0,137.9,264.6,193.8,173.3,115.3,127.2,54.1,178.7,201.3,233.5,106.8,23.0,33.7,33.7,149.7,213.1,208.8,115.3,128.2,0.0,24.1,199.1,207.7,206.6,280.7,235.6,110.0,194.8,232.4,267.9,169.0,197.0,46.6,200.2,56.3,69.2,63.8,278.6,288.3,145.4,134.7,77.8,128.2,176.6,148.6,45.5,58.4,136.8,107.8,222.7,76.7,154.0,67.0,217.4,218.5,35.9,33.7,57.4,70.2,170.1,154.0,176.6,184.1,201.3,233.5,176.6,48.8,55.2,199.1,25.1,68.1,63.8,54.1,84.2,274.3,82.1,68.1,157.2,36.9,35.9,244.2,152.9,149.7,74.5,197.0,275.4,257.1,252.8,39.1,188.4,123.9,132.5,214.2
KT187EG,133.6,140.0,131.5,121.8,135.8,234.6,221.7,101.4,222.7,58.4,77.8,63.8,46.6,122.9,145.4,120.7,310.8,215.2,151.9,166.9,177.6,220.6,226.0,78.8,101.4,81.0,99.2,123.9,119.6,107.8,187.3,46.6,151.9,279.7,207.7,187.3,130.4,141.1,45.5,192.7,216.3,248.5,120.7,36.9,45.5,48.8,164.8,228.1,222.7,128.2,121.8,24.1,0.0,214.2,221.7,220.6,294.7,250.7,125.0,208.8,246.4,281.8,184.1,212.0,61.6,214.2,50.9,83.1,77.8,292.6,302.2,160.5,148.6,91.7,142.2,188.4,160.5,44.5,72.4,150.8,121.8,236.7,72.4,216.3,72.4,232.4,232.4,49.8,28.4,50.9,63.8,184.1,169.0,190.5,199.1,215.2,247.4,190.5,35.9,69.2,213.1,39.1,83.1,77.8,69.2,98.2,288.3,75.6,62.7,172.3,26.2,29.4,258.2,166.9,163.7,187.3,210.9,290.4,789.8,266.8,53.1,202.3,139.0,146.5,228.1
L355DR,97.1,89.6,97.1,184.1,231.3,50.9,69.2,253.9,40.2,258.2,274.3,259.3,234.6,169.0,187.3,169.0,127.2,192.7,193.8,208.8,192.7,38.0,36.9,226.0,249.6,262.5,280.7,110.0,112.1,120.7,49.8,219.5,91.7,150.8,112.1,97.1,252.8,94.9,210.9,235.6,258.2,64.9,139.0,209.9,192.7,177.6,148.6,119.6,58.4,218.5,248.5,200.2,215.2,0.0,21.9,18.7,111.1,67.0,125.0,48.8,64.9,99.2,137.9,70.2,164.8,30.5,239.9,164.8,154.0,164.8,174.4,115.3,113.2,143.3,184.1,278.6,251.7,202.3,162.6,199.1,172.3,279.7,260.3,331.2,244.2,48.8,38.0,199.1,223.8,247.4,213.1,88.5,97.1,83.1,231.3,193.8,229.2,223.8,214.2,187.3,45.5,191.6,169.0,230.3,218.5,221.7,159.4,231.3,218.5,56.3,221.7,208.8,143.3,209.9,84.2,257.1,253.9,332.3,143.3,139.0,184.1,75.6,113.2,87.4,100.3
L78XP,104.6,97.1,104.6,191.6,238.9,55.2,76.7,261.4,47.7,265.7,281.8,266.8,242.1,176.6,194.8,176.6,131.5,200.2,201.3,216.3,200.2,35.9,21.9,233.5,257.1,270.0,288.3,117.5,119.6,128.2,57.4,227.0,99.2,158.3,119.6,104.6,260.3,102.5,218.5,243.2,265.7,69.2,146.5,217.4,200.2,185.2,141.1,127.2,65.9,226.0,256.0,207.7,222.7,20.8,0.0,18.7,115.3,71.3,132.5,48.8,59.5,93.9,145.4,77.8,172.3,38.0,247.4,172.3,161.5,172.3,181.9,122.9,120.7,150.8,191.6,286.1,259.3,209.9,170.1,206.6,179.8,287.2,267.9,338.7,251.7,53.1,40.2,206.6,231.3,255.0,220.6,96.0,104.6,90.6,203.4,192.7,229.2,231.3,221.7,194.8,53.1,199.1,176.6,237.8,226.0,229.2,168.0,238.9,226.0,63.8,229.2,216.3,139.0,217.4,84.2,264.6,261.4,339.8,150.8,146.5,191.6,83.1,120.7,94.9,107.8
L97AL,103.5,97.1,103.5,190.5,238.9,46.6,76.7,261.4,46.6,264.6,280.7,266.8,241.0,175.5,193.8,175.5,123.9,200.2,200.2,215.2,199.1,42.3,28.4,233.5,256.0,268.9,288.3,117.5,119.6,128.2,56.3,227.0,98.2,157.2,118.6,104.6,259.3,101.4,217.4,242.1,264.6,60.6,145.4,216.3,199.1,184.1,156.2,126.1,65.9,224.9,256.0,207.7,221.7,17.6,17.6,0.0,107.8,62.7,131.5,54.1,69.2,104.6,144.3,76.7,171.2,38.0,246.4,172.3,160.5,171.2,180.9,122.9,119.6,149.7,190.5,286.1,258.2,208.8,169.0,205.6,179.8,286.1,266.8,337.7,250.7,44.5,31.6,205.6,231.3,253.9,220.6,94.9,103.5,89.6,237.8,198.0,234.6,230.3,220.6,193.8,52.0,198.0,175.5,237.8,224.9,229.2,166.9,237.8,226.0,62.7,228.1,216.3,148.6,216.3,89.6,264.6,260.3,338.7,149.7,145.4,190.5,82.1,119.6,93.9,106.8
LA144LF,177.6,171.2,177.6,265.7,313.0,89.6,108.9,335.5,107.8,338.7,355.9,340.9,315.1,250.7,268.9,249.6,96.0,274.3,275.4,290.4,273.2,130.4,126.1,307.6,331.2,344.1,362.4,191.6,193.8,202.3,130.4,301.2,172.3,129.3,179.8,164.8,334.4,176.6,292.6,316.2,339.8,90.6,219.5,290.4,274.3,259.3,230.3,187.3,126.1,300.1,330.1,281.8,295.8,110.0,116.4,107.8,0.0,61.6,206.6,141.1,157.2,191.6,205.6,137.9,246.4,103.5,321.6,246.4,234.6,151.9,160.5,179.8,193.8,223.8,264.6,338.7,308.7,284.0,244.2,266.8,249.6,361.3,340.9,411.8,324.8,74.5,108.9,279.7,305.4,329.1,294.7,156.2,173.3,150.8,313.0,286.1,322.6,304.4,294.7,267.9,117.5,273.2,249.6,311.9,300.1,303.3,146.5,313.0,300.1,137.9,303.3,290.4,236.7,290.4,179.8,338.7,334.4,413.9,134.7,139.0,265.7,143.3,194.8,169.0,141.1
LA14RP,133.6,127.2,133.6,220.6,268.9,45.5,92.8,290.4,62.7,294.7,310.8,295.8,271.1,205.6,223.8,205.6,77.8,230.3,230.3,245.3,229.2,86.4,81.0,263.6,286.1,299.0,317.3,146.5,149.7,158.3,86.4,257.1,128.2,110.0,135.8,120.7,289.3,131.5,247.4,272.2,294.7,46.6,175.5,246.4,229.2,214.2,185.2,143.3,82.1,255.0,286.1,237.8,251.7,65.9,71.3,62.7,61.6,0.0,161.5,97.1,112.1,147.6,160.5,92.8,201.3,59.5,276.4,201.3,190.5,132.5,142.2,135.8,149.7,179.8,220.6,294.7,263.6,238.9,199.1,221.7,205.6,316.2,296.9,367.7,280.7,30.5,64.9,235.6,260.3,284.0,250.7,112.1,128.2,105.7,267.9,242.1,277.5,260.3,250.7,223.8,73.5,228.1,205.6,267.9,255.0,259.3,128.2,267.9,255.0,92.8,258.2,246.4,191.6,246.4,134.7,294.7,290.4,368.8,116.4,119.6,220.6,98.2,149.7,123.9,122.9
LE15WW,59.5,56.3,48.8,144.3,191.6,145.4,115.3,177.6,134.7,168.0,184.1,169.0,140.0,129.3,147.6,128.2,221.7,92.8,154.0,169.0,151.9,131.5,136.8,132.5,147.6,168.0,187.3,30.5,31.6,42.3,98.2,126.1,46.6,173.3,102.5,82.1,206.6,65.9,116.4,194.8,218.5,159.4,98.2,119.6,99.2,101.4,108.9,121.8,117.5,118.6,148.6,110.0,125.0,125.0,132.5,131.5,206.6,161.5,0.0,123.9,158.3,192.7,71.3,105.7,70.2,125.0,146.5,71.3,59.5,187.3,197.0,54.1,41.2,48.8,143.3,178.7,150.8,108.9,86.4,96.0,57.4,239.9,176.6,253.9,168.0,143.3,143.3,122.9,133.6,157.2,119.6,78.8,62.7,85.3,191.6,207.7,239.9,183.0,119.6,92.8,114.3,103.5,116.4,154.0,142.2,164.8,183.0,136.8,125.0,79.9,128.2,115.3,178.7,169.0,79.9,163.7,213.1,292.6,165.8,161.5,90.6,97.1,73.5,62.7,122.9
LL137TD,91.7,84.2,91.7,178.7,226.0,79.9,98.2,248.5,69.2,252.8,268.9,253.9,229.2,163.7,181.9,163.7,157.2,187.3,165.8,180.9,142.2,26.2,40.2,220.6,244.2,257.1,275.4,104.6,106.8,115.3,44.5,214.2,92.8,179.8,141.1,126.1,247.4,88.5,205.6,229.2,252.8,93.9,133.6,204.5,187.3,172.3,101.4,148.6,88.5,213.1,243.2,194.8,209.9,48.8,49.8,54.1,141.1,96.0,123.9,0.0,49.8,84.2,152.9,99.2,159.4,60.6,234.6,159.4,148.6,193.8,203.4,116.4,114.3,137.9,145.4,273.2,246.4,197.0,157.2,206.6,166.9,274.3,255.0,324.8,237.8,77.8,73.5,193.8,218.5,242.1,207.7,105.7,115.3,99.2,163.7,154.0,189.5,170.1,208.8,181.9,62.7,186.2,163.7,224.9,213.1,216.3,189.5,226.0,213.1,57.4,216.3,203.4,108.9,203.4,58.4,251.7,248.5,326.9,172.3,168.0,178.7,104.6,107.8,78.8,129.3
LL185UJ,129.3,122.9,129.3,216.3,264.6,94.9,113.2,286.1,84.2,290.4,306.5,291.5,266.8,201.3,219.5,201.3,172.3,224.9,226.0,241.0,181.9,44.5,49.8,259.3,281.8,294.7,313.0,142.2,145.4,154.0,72.4,251.7,123.9,194.8,156.2,141.1,285.0,127.2,243.2,267.9,290.4,108.9,171.2,242.1,224.9,209.9,142.2,163.7,102.5,250.7,281.8,233.5,247.4,63.8,59.5,67.0,156.2,111.1,157.2,49.8,0.0,44.5,168.0,114.3,197.0,74.5,272.2,197.0,186.2,208.8,218.5,148.6,145.4,175.5,186.2,311.9,284.0,234.6,194.8,229.2,205.6,311.9,292.6,363.4,276.4,92.8,88.5,231.3,256.0,279.7,246.4,120.7,129.3,114.3,204.5,193.8,202.3,209.9,246.4,219.5,77.8,223.8,201.3,262.5,250.7,255.0,204.5,263.6,250.7,88.5,253.9,242.1,113.2,242.1,98.2,290.4,286.1,364.5,187.3,183.0,216.3,119.6,145.4,119.6,144.3
LL572PW,164.8,158.3,164.8,252.8,300.1,130.4,149.7,322.6,119.6,325.9,342.0,328.0,302.2,236.7,255.0,236.7,207.7,261.4,216.3,221.7,191.6,79.9,85.3,294.7,317.3,330.1,349.5,178.7,180.9,189.5,108.9,288.3,159.4,230.3,191.6,177.6,321.6,162.6,278.6,303.3,326.9,144.3,206.6,277.5,261.4,245.3,177.6,200.2,139.0,287.2,317.3,268.9,282.9,99.2,94.9,103.5,191.6,146.5,193.8,85.3,45.5,0.0,203.4,149.7,232.4,111.1,307.6,233.5,221.7,244.2,253.9,184.1,180.9,210.9,203.4,347.3,319.4,271.1,230.3,264.6,241.0,347.3,328.0,398.9,311.9,128.2,123.9,266.8,292.6,315.1,281.8,156.2,165.8,149.7,197.0,172.3,195.9,199.1,281.8,255.0,113.2,260.3,236.7,299.0,287.2,290.4,239.9,299.0,287.2,123.9,289.3,277.5,107.8,277.5,134.7,325.9,321.6,401.0,222.7,218.5,252.8,155.1,181.9,155.1,179.8
LN25QY,112.1,108.9,101.4,201.3,248.5,137.9,96.0,236.7,116.4,227.0,243.2,228.1,183.0,186.2,204.5,185.2,195.9,119.6,209.9,224.9,208.8,142.2,147.6,160.5,173.3,210.9,229.2,89.6,90.6,101.4,131.5,168.0,76.7,147.6,43.4,56.3,265.7,118.6,168.0,251.7,275.4,158.3,155.1,178.7,157.2,160.5,165.8,59.5,98.2,144.3,175.5,169.0,184.1,137.9,146.5,144.3,205.6,160.5,70.2,152.9,169.0,203.4,0.0,86.4,130.4,120.7,188.4,114.3,118.6,161.5,171.2,54.1,57.4,107.8,200.2,150.8,120.7,163.7,145.4,78.8,68.1,295.8,235.6,313.0,227.0,142.2,157.2,181.9,192.7,216.3,161.5,67.0,60.6,69.2,248.5,264.6,296.9,239.9,174.4,123.9,107.8,162.6,175.5,213.1,201.3,223.8,156.2,179.8,166.9,113.2,184.1,171.2,229.2,226.0,129.3,205.6,270.0,349.5,140.0,135.8,149.7,79.9,130.4,115.3,97.1
LS13EX,131.5,127.2,120.7,219.5,266.8,70.2,25.1,264.6,48.8,253.9,271.1,256.0,227.0,204.5,222.7,204.5,141.1,170.1,229.2,244.2,228.1,87.4,92.8,210.9,223.8,255.0,273.2,116.4,117.5,129.3,87.4,212.0,83.1,92.8,59.5,45.5,292.6,132.5,203.4,271.1,293.6,89.6,174.4,205.6,185.2,188.4,184.1,67.0,29.4,194.8,226.0,197.0,210.9,70.2,77.8,76.7,136.8,91.7,105.7,98.2,114.3,148.6,85.3,0.0,157.2,53.1,232.4,157.2,146.5,106.8,116.4,67.0,79.9,135.8,219.5,218.5,188.4,194.8,173.3,146.5,129.3,315.1,263.6,340.9,253.9,73.5,88.5,208.8,220.6,243.2,206.6,47.7,60.6,30.5,266.8,243.2,278.6,258.2,206.6,174.4,58.4,190.5,204.5,241.0,229.2,250.7,102.5,223.8,210.9,93.9,214.2,201.3,192.7,244.2,136.8,250.7,289.3,367.7,85.3,81.0,176.6,23.0,148.6,125.0,42.3
LU40DZ,93.9,90.6,83.1,132.5,155.1,184.1,168.0,121.8,173.3,104.6,120.7,106.8,77.8,133.6,156.2,131.5,261.4,61.6,163.7,178.7,186.2,170.1,175.5,70.2,92.8,105.7,123.9,70.2,65.9,72.4,137.9,62.7,98.2,226.0,154.0,133.6,149.7,100.3,54.1,203.4,227.0,198.0,114.3,56.3,35.9,46.6,143.3,174.4,169.0,92.8,113.2,47.7,61.6,163.7,172.3,171.2,245.3,200.2,71.3,158.3,197.0,231.3,130.4,158.3,0.0,164.8,83.1,29.4,24.1,238.9,248.5,106.8,94.9,38.0,152.9,152.9,125.0,45.5,70.2,107.8,70.2,248.5,113.2,191.6,104.6,181.9,183.0,60.6,71.3,93.9,57.4,131.5,115.3,136.8,209.9,226.0,258.2,201.3,57.4,30.5,163.7,41.2,93.9,98.2,88.5,118.6,234.6,74.5,61.6,121.8,64.9,52.0,213.1,177.6,114.3,101.4,221.7,301.2,217.4,213.1,27.3,148.6,107.8,97.1,174.4
M68HD,96.0,89.6,96.0,183.0,231.3,41.2,53.1,252.8,23.0,257.1,273.2,258.2,233.5,168.0,186.2,168.0,119.6,191.6,192.7,207.7,191.6,48.8,54.1,226.0,248.5,261.4,279.7,108.9,112.1,120.7,48.8,218.5,90.6,134.7,96.0,81.0,251.7,93.9,209.9,234.6,257.1,56.3,137.9,208.8,191.6,176.6,147.6,103.5,42.3,217.4,248.5,200.2,214.2,31.6,39.1,38.0,103.5,58.4,123.9,59.5,74.5,110.0,121.8,54.1,163.7,0.0,238.9,163.7,152.9,148.6,158.3,91.7,112.1,142.2,183.0,255.0,223.8,201.3,161.5,181.9,165.8,278.6,259.3,330.1,243.2,40.2,49.8,198.0,222.7,246.4,213.1,68.1,82.1,67.0,230.3,203.4,239.9,222.7,213.1,186.2,27.3,190.5,168.0,229.2,217.4,221.7,143.3,230.3,217.4,55.2,220.6,208.8,154.0,208.8,97.1,257.1,252.8,331.2,127.2,121.8,183.0,58.4,112.1,86.4,83.1
ME169QQ,165.8,165.8,158.3,154.0,168.0,260.3,243.2,133.6,248.5,81.0,73.5,76.7,36.9,155.1,177.6,152.9,336.6,86.4,184.1,199.1,209.9,245.3,250.7,62.7,85.3,43.4,62.7,145.4,141.1,140.0,213.1,29.4,173.3,301.2,218.5,208.8,162.6,173.3,50.9,224.9,248.5,274.3,152.9,69.2,79.9,81.0,197.0,234.6,244.2,112.1,106.8,56.3,49.8,238.9,247.4,246.4,320.5,275.4,146.5,234.6,272.2,307.6,189.5,233.5,83.1,239.9,0.0,104.6,99.2,315.1,324.8,181.9,171.2,114.3,174.4,172.3,145.4,60.6,104.6,137.9,126.1,268.9,96.0,191.6,104.6,257.1,258.2,82.1,45.5,63.8,48.8,206.6,190.5,213.1,231.3,247.4,279.7,222.7,50.9,81.0,238.9,71.3,115.3,110.0,101.4,130.4,309.7,60.6,46.6,197.0,61.6,62.7,288.3,199.1,189.5,31.6,243.2,322.6,293.6,288.3,77.8,224.9,171.2,172.3,249.6
MK429DJ,94.9,91.7,84.2,141.1,176.6,185.2,169.0,143.3,174.4,126.1,142.2,128.2,99.2,142.2,163.7,140.0,262.5,47.7,171.2,186.2,187.3,171.2,176.6,88.5,102.5,127.2,145.4,70.2,67.0,73.5,137.9,84.2,99.2,227.0,143.3,134.7,171.2,101.4,75.6,212.0,235.6,199.1,114.3,77.8,57.4,68.1,144.3,159.4,170.1,73.5,103.5,69.2,83.1,164.8,173.3,171.2,246.4,201.3,71.3,159.4,198.0,232.4,114.3,159.4,29.4,164.8,104.6,0.0,25.1,239.9,249.6,107.8,96.0,39.1,161.5,133.6,106.8,67.0,70.2,88.5,50.9,256.0,134.7,213.1,126.1,183.0,184.1,82.1,92.8,115.3,78.8,131.5,116.4,137.9,217.4,234.6,266.8,209.9,78.8,34.8,164.8,62.7,100.3,119.6,110.0,140.0,235.6,96.0,83.1,122.9,86.4,73.5,214.2,186.2,114.3,122.9,230.3,309.7,218.5,214.2,48.8,149.7,108.9,98.2,175.5
MK65LD,83.1,79.9,72.4,122.9,171.2,173.3,157.2,137.9,162.6,121.8,137.9,122.9,93.9,123.9,146.5,121.8,250.7,61.6,154.0,169.0,175.5,159.4,164.8,86.4,108.9,122.9,141.1,59.5,55.2,61.6,127.2,79.9,87.4,215.2,143.3,122.9,166.9,89.6,71.3,193.8,217.4,187.3,96.0,73.5,53.1,62.7,132.5,162.6,158.3,87.4,118.6,63.8,78.8,152.9,161.5,159.4,234.6,189.5,59.5,147.6,186.2,220.6,119.6,147.6,25.1,154.0,100.3,24.1,0.0,228.1,237.8,96.0,84.2,27.3,143.3,148.6,120.7,62.7,52.0,102.5,64.9,238.9,130.4,207.7,121.8,171.2,172.3,76.7,87.4,111.1,73.5,119.6,104.6,126.1,200.2,216.3,248.5,191.6,73.5,46.6,152.9,57.4,82.1,114.3,105.7,134.7,223.8,90.6,78.8,111.1,82.1,69.2,202.3,168.0,102.5,117.5,212.0,291.5,206.6,202.3,44.5,137.9,97.1,86.4,163.7
NE14LP,213.1,209.9,202.3,302.2,349.5,142.2,115.3,346.3,143.3,336.6,352.7,337.7,308.7,287.2,305.4,286.1,75.6,245.3,310.8,325.9,309.7,181.9,187.3,286.1,300.1,336.6,355.9,199.1,200.2,212.0,183.0,294.7,165.8,28.4,135.8,120.7,375.3,219.5,286.1,352.7,376.3,161.5,256.0,288.3,267.9,270.0,266.8,143.3,125.0,271.1,301.2,279.7,293.6,164.8,173.3,172.3,150.8,132.5,187.3,193.8,208.8,244.2,161.5,107.8,239.9,147.6,314.0,239.9,229.2,0.0,21.9,149.7,162.6,217.4,301.2,294.7,264.6,277.5,255.0,221.7,205.6,396.7,345.2,422.5,336.6,145.4,184.1,291.5,302.2,325.9,288.3,134.7,142.2,118.6,349.5,365.6,397.8,340.9,289.3,249.6,152.9,272.2,286.1,323.7,310.8,333.4,25.1,305.4,293.6,189.5,296.9,284.0,288.3,326.9,222.7,332.3,371.0,450.4,46.6,58.4,259.3,110.0,231.3,210.9,97.1
NE236NZ,220.6,217.4,209.9,308.7,357.0,149.7,122.9,353.8,150.8,344.1,360.2,345.2,316.2,293.6,311.9,293.6,81.0,252.8,318.3,333.4,317.3,189.5,194.8,293.6,307.6,344.1,363.4,206.6,207.7,218.5,190.5,302.2,173.3,34.8,143.3,128.2,382.8,227.0,292.6,360.2,383.8,169.0,263.6,295.8,275.4,277.5,274.3,150.8,132.5,278.6,308.7,286.1,301.2,172.3,180.9,178.7,158.3,140.0,194.8,200.2,216.3,250.7,169.0,114.3,247.4,155.1,321.6,247.4,235.6,20.8,0.0,157.2,170.1,224.9,308.7,302.2,271.1,285.0,262.5,229.2,213.1,404.3,352.7,430.0,344.1,152.9,191.6,299.0,309.7,333.4,295.8,142.2,149.7,125.0,357.0,373.1,405.3,348.4,295.8,257.1,160.5,279.7,293.6,330.1,318.3,340.9,28.4,313.0,300.1,197.0,304.4,291.5,295.8,334.4,230.3,339.8,378.5,456.9,54.1,60.6,266.8,117.5,238.9,218.5,104.6
NG174JL,79.9,76.7,69.2,169.0,216.3,113.2,77.8,214.2,91.7,203.4,219.5,204.5,175.5,154.0,172.3,152.9,184.1,126.1,177.6,192.7,176.6,121.8,127.2,168.0,180.9,204.5,222.7,65.9,67.0,78.8,89.6,161.5,32.6,135.8,64.9,44.5,242.1,86.4,152.9,219.5,243.2,132.5,122.9,155.1,134.7,136.8,133.6,84.2,79.9,151.9,183.0,146.5,160.5,115.3,123.9,122.9,179.8,134.7,54.1,116.4,148.6,183.0,54.1,68.1,106.8,91.7,181.9,106.8,96.0,149.7,159.4,0.0,29.4,84.2,168.0,175.5,145.4,144.3,121.8,103.5,86.4,263.6,212.0,289.3,203.4,116.4,134.7,158.3,169.0,192.7,155.1,41.2,25.1,47.7,216.3,232.4,264.6,207.7,156.2,128.2,76.7,139.0,152.9,190.5,177.6,200.2,144.3,173.3,160.5,70.2,163.7,150.8,189.5,193.8,89.6,199.1,237.8,317.3,128.2,123.9,126.1,59.5,98.2,77.8,85.3
NG72UH,68.1,64.9,57.4,157.2,204.5,125.0,90.6,201.3,103.5,191.6,207.7,192.7,163.7,141.1,159.4,141.1,195.9,114.3,165.8,180.9,164.8,118.6,123.9,156.2,168.0,192.7,210.9,54.1,55.2,65.9,86.4,149.7,27.3,147.6,76.7,56.3,230.3,74.5,141.1,207.7,231.3,147.6,111.1,143.3,122.9,125.0,121.8,96.0,91.7,139.0,170.1,133.6,148.6,113.2,120.7,119.6,193.8,148.6,42.3,113.2,145.4,180.9,57.4,79.9,94.9,104.6,170.1,94.9,83.1,161.5,171.2,29.4,0.0,72.4,156.2,173.3,142.2,132.5,110.0,100.3,73.5,251.7,200.2,277.5,191.6,131.5,131.5,146.5,157.2,180.9,143.3,53.1,38.0,59.5,204.5,220.6,252.8,195.9,143.3,116.4,88.5,127.2,141.1,177.6,165.8,188.4,157.2,161.5,148.6,68.1,151.9,139.0,185.2,181.9,85.3,187.3,226.0,305.4,140.0,135.8,114.3,71.3,86.4,71.3,97.1
NN15BD,71.3,68.1,60.6,128.2,176.6,161.5,145.4,149.7,150.8,135.8,151.9,136.8,107.8,129.3,151.9,128.2,238.9,72.4,159.4,174.4,163.7,147.6,152.9,100.3,123.9,136.8,155.1,47.7,43.4,49.8,115.3,93.9,75.6,203.4,131.5,111.1,178.7,77.8,85.3,200.2,222.7,175.5,102.5,87.4,67.0,73.5,120.7,151.9,146.5,97.1,128.2,77.8,92.8,141.1,149.7,148.6,222.7,177.6,48.8,135.8,174.4,208.8,107.8,135.8,39.1,142.2,114.3,39.1,27.3,217.4,226.0,84.2,72.4,0.0,149.7,158.3,130.4,76.7,58.4,91.7,54.1,244.2,144.3,221.7,135.8,159.4,160.5,90.6,101.4,125.0,87.4,108.9,92.8,114.3,203.4,220.6,251.7,194.8,88.5,60.6,141.1,71.3,88.5,126.1,114.3,135.8,212.0,105.7,92.8,99.2,96.0,83.1,190.5,174.4,91.7,131.5,218.5,296.9,195.9,190.5,58.4,126.1,85.3,74.5,151.9
NP448YN,106.8,105.7,114.3,56.3,98.2,203.4,221.7,156.2,192.7,185.2,202.3,187.3,170.1,41.2,54.1,41.2,280.7,191.6,26.2,41.2,43.4,162.6,194.8,190.5,213.1,204.5,223.8,123.9,127.2,108.9,156.2,170.1,148.6,287.2,216.3,195.9,119.6,106.8,159.4,101.4,125.0,217.4,60.6,123.9,139.0,125.0,52.0,235.6,210.9,220.6,233.5,128.2,142.2,183.0,191.6,189.5,264.6,219.5,143.3,145.4,185.2,203.4,202.3,219.5,152.9,183.0,174.4,161.5,144.3,301.2,310.8,168.0,157.2,149.7,0.0,281.8,253.9,150.8,108.9,226.0,187.3,145.4,161.5,232.4,145.4,201.3,202.3,106.8,151.9,174.4,175.5,192.7,176.6,199.1,72.4,89.6,120.7,63.8,154.0,160.5,183.0,123.9,69.2,132.5,120.7,106.8,295.8,194.8,181.9,141.1,155.1,141.1,122.9,75.6,132.5,192.7,119.6,199.1,279.7,275.4,144.3,210.9,81.0,116.4,236.7
NR316LA,208.8,205.6,198.0,260.3,284.0,272.2,230.3,249.6,250.7,218.5,228.1,214.2,166.9,261.4,284.0,260.3,329.1,105.7,291.5,306.5,301.2,285.0,290.4,123.9,94.9,194.8,213.1,185.2,180.9,193.8,252.8,151.9,213.1,281.8,183.0,189.5,278.6,215.2,151.9,332.3,354.8,291.5,247.4,185.2,162.6,174.4,258.2,199.1,231.3,86.4,75.6,175.5,187.3,278.6,287.2,286.1,338.7,293.6,177.6,274.3,311.9,347.3,151.9,220.6,152.9,255.0,172.3,133.6,148.6,294.7,304.4,175.5,173.3,158.3,281.8,0.0,41.2,162.6,193.8,84.2,119.6,376.3,233.5,319.4,233.5,275.4,297.9,188.4,181.9,201.3,145.4,201.3,193.8,203.4,337.7,354.8,386.0,329.1,164.8,128.2,242.1,169.0,221.7,226.0,217.4,246.4,290.4,137.9,135.8,236.7,174.4,176.6,328.0,306.5,229.2,189.5,350.6,429.0,273.2,268.9,156.2,214.2,222.7,212.0,230.3
NR47UY,181.9,177.6,171.2,233.5,256.0,242.1,200.2,222.7,220.6,190.5,201.3,186.2,139.0,234.6,257.1,232.4,299.0,78.8,264.6,279.7,274.3,258.2,263.6,117.5,79.9,166.9,186.2,157.2,154.0,165.8,224.9,125.0,186.2,251.7,152.9,159.4,250.7,187.3,123.9,304.4,328.0,261.4,220.6,157.2,135.8,147.6,231.3,169.0,201.3,58.4,69.2,148.6,159.4,251.7,259.3,258.2,308.7,263.6,150.8,246.4,285.0,319.4,120.7,189.5,125.0,224.9,145.4,106.8,120.7,264.6,274.3,145.4,143.3,131.5,253.9,41.2,0.0,135.8,165.8,54.1,89.6,349.5,205.6,292.6,205.6,245.3,270.0,161.5,155.1,174.4,118.6,171.2,163.7,173.3,310.8,326.9,359.1,302.2,137.9,101.4,212.0,142.2,194.8,199.1,189.5,219.5,260.3,123.9,123.9,209.9,146.5,148.6,301.2,278.6,201.3,162.6,322.6,402.1,243.2,238.9,128.2,184.1,195.9,185.2,200.2
NW12BU,130.4,129.3,121.8,129.3,152.9,222.7,206.6,118.6,212.0,94.9,105.7,90.6,46.6,130.4,152.9,129.3,300.1,74.5,160.5,175.5,185.2,208.8,214.2,64.9,87.4,84.2,102.5,107.8,104.6,104.6,175.5,43.4,136.8,264.6,192.7,172.3,147.6,139.0,15.5,201.3,223.8,236.7,120.7,54.1,25.1,45.5,161.5,212.0,207.7,101.4,107.8,44.5,44.5,202.3,210.9,208.8,284.0,238.9,108.9,197.0,235.6,270.0,164.8,195.9,46.6,202.3,60.6,68.1,62.7,277.5,287.2,145.4,133.6,76.7,150.8,161.5,133.6,0.0,69.2,127.2,100.3,245.3,111.1,188.4,102.5,220.6,221.7,58.4,59.5,78.8,39.1,169.0,154.0,175.5,206.6,223.8,256.0,199.1,21.9,47.7,202.3,38.0,90.6,94.9,86.4,115.3,273.2,65.9,52.0,160.5,30.5,20.8,251.7,175.5,151.9,78.8,219.5,297.9,256.0,251.7,34.8,187.3,135.8,135.8,213.1
OX39DU,81.0,88.5,79.9,90.6,136.8,181.9,183.0,110.0,171.2,115.3,132.5,117.5,100.3,91.7,114.3,90.6,259.3,107.8,121.8,136.8,140.0,168.0,173.3,106.8,129.3,134.7,154.0,77.8,71.3,56.3,134.7,100.3,110.0,241.0,170.1,149.7,139.0,88.5,78.8,161.5,185.2,195.9,62.7,67.0,58.4,35.9,103.5,189.5,185.2,133.6,149.7,58.4,72.4,161.5,170.1,168.0,243.2,198.0,86.4,156.2,194.8,229.2,145.4,173.3,69.2,161.5,104.6,70.2,52.0,255.0,264.6,121.8,111.1,58.4,112.1,193.8,165.8,69.2,0.0,141.1,103.5,206.6,115.3,186.2,99.2,179.8,180.9,56.3,82.1,105.7,93.9,146.5,130.4,152.9,168.0,185.2,216.3,159.4,79.9,76.7,161.5,49.8,49.8,86.4,74.5,97.1,249.6,111.1,98.2,119.6,81.0,67.0,210.9,135.8,111.1,122.9,180.9,259.3,233.5,229.2,60.6,164.8,86.4,94.9,190.5
PE304ET,142.2,139.0,131.5,212.0,244.2,200.2,158.3,210.9,178.7,184.1,194.8,179.8,132.5,212.0,230.3,210.9,258.2,64.9,235.6,250.7,234.6,208.8,214.2,110.0,103.5,160.5,179.8,117.5,114.3,126.1,175.5,118.6,120.7,209.9,112.1,118.6,238.9,148.6,117.5,277.5,301.2,220.6,180.9,145.4,122.9,135.8,191.6,128.2,159.4,63.8,93.9,136.8,152.9,200.2,207.7,206.6,266.8,222.7,94.9,206.6,234.6,270.0,79.9,148.6,107.8,183.0,137.9,89.6,103.5,223.8,233.5,104.6,101.4,92.8,226.0,84.2,54.1,128.2,141.1,0.0,47.7,321.6,199.1,280.7,193.8,204.5,218.5,149.7,148.6,168.0,112.1,129.3,122.9,131.5,274.3,290.4,322.6,265.7,131.5,89.6,170.1,130.4,171.2,187.3,177.6,207.7,218.5,129.3,117.5,157.2,140.0,136.8,261.4,251.7,161.5,156.2,295.8,375.3,202.3,198.0,116.4,142.2,156.2,145.4,158.3
PE39GZ,103.5,99.2,92.8,174.4,216.3,183.0,141.1,181.9,161.5,165.8,181.9,168.0,119.6,172.3,190.5,172.3,241.0,56.3,197.0,212.0,195.9,179.8,185.2,98.2,111.1,148.6,166.9,78.8,74.5,87.4,146.5,105.7,93.9,192.7,110.0,101.4,210.9,108.9,105.7,238.9,261.4,203.4,142.2,117.5,94.9,106.8,152.9,126.1,143.3,82.1,112.1,108.9,122.9,173.3,180.9,179.8,250.7,205.6,56.3,168.0,206.6,241.0,69.2,131.5,70.2,165.8,126.1,52.0,65.9,206.6,216.3,87.4,75.6,55.2,187.3,120.7,90.6,100.3,103.5,48.8,0.0,282.9,174.4,252.8,165.8,187.3,191.6,121.8,132.5,155.1,99.2,112.1,104.6,114.3,235.6,251.7,284.0,227.0,112.1,61.6,154.0,101.4,133.6,158.3,149.7,179.8,202.3,117.5,104.6,131.5,121.8,108.9,222.7,213.1,122.9,143.3,257.1,335.5,185.2,180.9,88.5,125.0,116.4,105.7,142.2
PL68DH,202.3,201.3,209.9,151.9,110.0,300.1,318.3,157.2,288.3,232.4,267.9,250.7,264.6,135.8,108.9,134.7,376.3,286.1,156.2,171.2,180.9,286.1,291.5,285.0,308.7,300.1,318.3,220.6,222.7,204.5,252.8,265.7,244.2,383.8,311.9,291.5,117.5,202.3,255.0,59.5,90.6,314.0,156.2,203.4,234.6,220.6,184.1,332.3,307.6,316.2,329.1,223.8,237.8,279.7,287.2,286.1,360.2,316.2,239.9,274.3,311.9,347.3,299.0,316.2,247.4,279.7,270.0,257.1,238.9,396.7,406.4,264.6,252.8,245.3,146.5,377.4,349.5,246.4,204.5,321.6,282.9,0.0,208.8,279.7,192.7,297.9,297.9,202.3,247.4,270.0,271.1,288.3,273.2,294.7,202.3,219.5,250.7,193.8,249.6,256.0,278.6,219.5,164.8,177.6,187.3,161.5,392.4,290.4,277.5,237.8,250.7,236.7,261.4,86.4,229.2,288.3,53.1,75.6,375.3,371.0,239.9,306.5,177.6,212.0,332.3
PO196SE,178.7,185.2,177.6,122.9,123.9,279.7,274.3,71.3,268.9,32.6,67.0,50.9,90.6,141.1,163.7,140.0,357.0,146.5,171.2,186.2,195.9,265.7,271.1,123.9,146.5,126.1,144.3,175.5,169.0,152.9,232.4,90.6,204.5,332.3,260.3,239.9,99.2,186.2,111.1,164.8,201.3,293.6,140.0,72.4,100.3,101.4,183.0,280.7,275.4,173.3,166.9,76.7,72.4,259.3,266.8,265.7,340.9,295.8,177.6,253.9,292.6,326.9,236.7,264.6,114.3,259.3,96.0,135.8,130.4,345.2,354.8,213.1,201.3,144.3,161.5,233.5,205.6,112.1,115.3,199.1,174.4,208.8,0.0,114.3,27.3,277.5,277.5,89.6,69.2,55.2,108.9,236.7,221.7,243.2,217.4,234.6,265.7,209.9,98.2,121.8,258.2,91.7,101.4,47.7,52.0,68.1,340.9,120.7,107.8,217.4,93.9,94.9,277.5,151.9,208.8,114.3,183.0,261.4,323.7,319.4,105.7,255.0,161.5,191.6,280.7
PO305TG,248.5,255.0,246.4,192.7,193.8,349.5,350.6,140.0,337.7,136.8,172.3,155.1,186.2,210.9,233.5,209.9,425.7,411.8,241.0,256.0,265.7,335.5,340.9,218.5,241.0,220.6,239.9,245.3,238.9,222.7,302.2,186.2,277.5,408.6,336.6,316.2,169.0,256.0,188.4,234.6,271.1,363.4,209.9,148.6,176.6,177.6,252.8,355.9,351.6,258.2,262.5,152.9,216.3,329.1,336.6,335.5,409.6,365.6,252.8,323.7,361.3,396.7,313.0,340.9,190.5,329.1,190.5,212.0,206.6,421.4,431.1,289.3,277.5,220.6,231.3,319.4,291.5,188.4,185.2,279.7,250.7,278.6,113.2,0.0,98.2,347.3,347.3,159.4,168.0,159.4,204.5,313.0,297.9,319.4,287.2,304.4,335.5,278.6,181.9,198.0,328.0,168.0,171.2,117.5,121.8,137.9,417.1,216.3,202.3,287.2,171.2,171.2,346.3,221.7,278.6,351.6,252.8,331.2,920.8,395.7,181.9,331.2,230.3,261.4,357.0
PO63LY,162.6,170.1,161.5,107.8,108.9,263.6,263.6,55.2,252.8,50.9,85.3,69.2,99.2,126.1,148.6,123.9,340.9,142.2,155.1,170.1,180.9,249.6,255.0,132.5,155.1,134.7,152.9,160.5,152.9,137.9,217.4,100.3,191.6,321.6,250.7,230.3,83.1,171.2,102.5,148.6,185.2,277.5,123.9,61.6,90.6,90.6,168.0,270.0,265.7,172.3,175.5,67.0,72.4,243.2,251.7,250.7,324.8,279.7,166.9,237.8,276.4,310.8,226.0,253.9,103.5,244.2,104.6,126.1,120.7,335.5,345.2,202.3,191.6,134.7,145.4,232.4,205.6,102.5,100.3,192.7,164.8,192.7,27.3,99.2,0.0,261.4,262.5,74.5,82.1,73.5,117.5,227.0,210.9,233.5,202.3,218.5,250.7,193.8,94.9,111.1,243.2,82.1,86.4,31.6,35.9,52.0,331.2,129.3,116.4,201.3,85.3,85.3,261.4,136.8,193.8,122.9,166.9,246.4,314.0,309.7,96.0,245.3,145.4,176.6,271.1
PR29HT,116.4,108.9,116.4,203.4,250.7,27.3,75.6,273.2,45.5,277.5,293.6,278.6,253.9,188.4,206.6,188.4,91.7,212.0,213.1,228.1,212.0,68.1,63.8,245.3,268.9,281.8,300.1,129.3,131.5,140.0,69.2,238.9,111.1,123.9,117.5,102.5,272.2,114.3,230.3,255.0,277.5,27.3,158.3,229.2,212.0,197.0,168.0,125.0,64.9,237.8,267.9,219.5,234.6,47.7,54.1,45.5,75.6,30.5,144.3,79.9,94.9,130.4,143.3,75.6,184.1,41.2,259.3,184.1,173.3,146.5,156.2,117.5,132.5,162.6,203.4,276.4,246.4,221.7,181.9,204.5,187.3,299.0,279.7,350.6,263.6,0.0,41.2,218.5,243.2,266.8,232.4,94.9,111.1,88.5,250.7,223.8,260.3,243.2,233.5,206.6,55.2,210.9,188.4,249.6,237.8,241.0,142.2,250.7,237.8,75.6,241.0,228.1,174.4,228.1,117.5,276.4,273.2,351.6,130.4,133.6,203.4,81.0,132.5,106.8,105.7
PR86PN,115.3,108.9,115.3,203.4,250.7,47.7,88.5,273.2,58.4,276.4,292.6,278.6,252.8,188.4,206.6,187.3,122.9,212.0,212.0,227.0,210.9,61.6,49.8,245.3,267.9,280.7,300.1,129.3,131.5,140.0,68.1,238.9,110.0,170.1,131.5,116.4,272.2,113.2,229.2,253.9,277.5,58.4,157.2,228.1,212.0,197.0,168.0,139.0,77.8,237.8,267.9,219.5,233.5,36.9,40.2,31.6,106.8,62.7,144.3,73.5,88.5,123.9,156.2,88.5,183.0,49.8,258.2,184.1,172.3,183.0,192.7,134.7,131.5,161.5,202.3,297.9,270.0,221.7,180.9,217.4,191.6,297.9,278.6,349.5,262.5,40.2,0.0,217.4,243.2,265.7,232.4,106.8,116.4,101.4,250.7,217.4,253.9,242.1,232.4,205.6,63.8,210.9,187.3,249.6,237.8,241.0,178.7,249.6,237.8,74.5,241.0,228.1,168.0,228.1,117.5,276.4,272.2,351.6,161.5,157.2,203.4,93.9,132.5,105.7,118.6
RG15AN,118.6,125.0,117.5,85.3,116.4,219.5,220.6,83.1,208.8,93.9,111.1,96.0,78.8,86.4,108.9,85.3,295.8,100.3,116.4,131.5,141.1,205.6,210.9,99.2,121.8,113.2,132.5,115.3,108.9,92.8,172.3,78.8,147.6,278.6,207.7,186.2,112.1,126.1,68.1,157.2,179.8,233.5,85.3,32.6,47.7,33.7,128.2,227.0,221.7,129.3,142.2,36.9,50.9,199.1,206.6,205.6,280.7,235.6,123.9,193.8,232.4,266.8,183.0,210.9,61.6,199.1,83.1,83.1,77.8,292.6,302.2,159.4,148.6,91.7,106.8,190.5,162.6,59.5,57.4,150.8,121.8,201.3,88.5,159.4,72.4,217.4,217.4,0.0,60.6,84.2,84.2,184.1,168.0,190.5,162.6,179.8,210.9,154.0,63.8,69.2,198.0,32.6,46.6,59.5,49.8,79.9,287.2,103.5,91.7,157.2,63.8,49.8,221.7,131.5,148.6,101.4,175.5,253.9,271.1,265.7,53.1,201.3,105.7,131.5,227.0
RH15RH,141.1,148.6,140.0,129.3,143.3,242.1,229.2,110.0,231.3,55.2,65.9,50.9,41.2,130.4,152.9,129.3,319.4,97.1,160.5,175.5,185.2,228.1,233.5,73.5,97.1,76.7,94.9,131.5,127.2,116.4,194.8,41.2,160.5,287.2,216.3,195.9,137.9,148.6,55.2,200.2,223.8,256.0,128.2,44.5,56.3,56.3,172.3,235.6,231.3,122.9,117.5,31.6,25.1,221.7,230.3,228.1,303.3,258.2,132.5,216.3,255.0,289.3,191.6,219.5,69.2,221.7,46.6,90.6,86.4,301.2,310.8,168.0,157.2,100.3,150.8,184.1,156.2,58.4,79.9,149.7,130.4,245.3,70.2,166.9,79.9,239.9,241.0,57.4,0.0,39.1,59.5,192.7,176.6,199.1,206.6,223.8,255.0,198.0,45.5,76.7,221.7,47.7,90.6,86.4,76.7,106.8,295.8,71.3,58.4,179.8,38.0,45.5,265.7,174.4,171.2,64.9,219.5,297.9,279.7,275.4,60.6,210.9,146.5,155.1,236.7
RH164EX,165.8,173.3,164.8,154.0,168.0,266.8,253.9,117.5,256.0,41.2,44.5,36.9,60.6,155.1,177.6,154.0,344.1,116.4,185.2,200.2,209.9,252.8,258.2,92.8,115.3,94.9,114.3,156.2,152.9,141.1,220.6,60.6,185.2,311.9,241.0,220.6,145.4,174.4,79.9,226.0,248.5,280.7,154.0,70.2,81.0,81.0,197.0,260.3,256.0,142.2,136.8,57.4,50.9,246.4,255.0,253.9,328.0,282.9,157.2,242.1,279.7,315.1,216.3,244.2,93.9,247.4,64.9,116.4,111.1,325.9,335.5,192.7,181.9,125.0,175.5,202.3,175.5,79.9,105.7,168.0,155.1,270.0,55.2,160.5,74.5,264.6,265.7,83.1,40.2,0.0,78.8,217.4,201.3,223.8,231.3,248.5,280.7,223.8,67.0,102.5,246.4,72.4,115.3,93.9,98.2,114.3,321.6,90.6,76.7,204.5,62.7,70.2,291.5,200.2,197.0,83.1,244.2,322.6,304.4,300.1,86.4,235.6,171.2,179.8,261.4
RM70AG,143.3,139.0,132.5,154.0,176.6,233.5,216.3,143.3,222.7,94.9,104.6,90.6,43.4,155.1,177.6,154.0,310.8,59.5,185.2,200.2,209.9,219.5,224.9,36.9,59.5,71.3,89.6,118.6,115.3,121.8,186.2,28.4,147.6,274.3,191.6,183.0,172.3,148.6,29.4,226.0,248.5,247.4,145.4,78.8,48.8,70.2,192.7,207.7,218.5,86.4,79.9,69.2,63.8,213.1,220.6,219.5,294.7,249.6,119.6,207.7,246.4,280.7,162.6,206.6,56.3,213.1,48.8,78.8,73.5,288.3,297.9,155.1,144.3,87.4,175.5,146.5,118.6,40.2,93.9,112.1,99.2,270.0,110.0,205.6,118.6,231.3,231.3,82.1,59.5,77.8,0.0,179.8,163.7,186.2,231.3,248.5,279.7,223.8,40.2,54.1,213.1,62.7,115.3,119.6,110.0,140.0,284.0,40.2,27.3,171.2,48.8,50.9,262.5,200.2,162.6,67.0,244.2,322.6,266.8,262.5,48.8,198.0,157.2,145.4,223.8
S102JF,105.7,101.4,94.9,193.8,241.0,89.6,58.4,238.9,68.1,228.1,245.3,230.3,201.3,178.7,197.0,178.7,170.1,150.8,203.4,218.5,202.3,94.9,100.3,192.7,205.6,229.2,247.4,90.6,91.7,103.5,91.7,187.3,57.4,121.8,54.1,33.7,266.8,111.1,177.6,245.3,267.9,108.9,148.6,179.8,159.4,162.6,158.3,74.5,60.6,176.6,206.6,171.2,185.2,87.4,96.0,94.9,156.2,111.1,79.9,105.7,121.8,156.2,67.0,48.8,131.5,68.1,206.6,131.5,120.7,135.8,145.4,41.2,54.1,110.0,193.8,200.2,170.1,169.0,147.6,128.2,111.1,289.3,237.8,315.1,228.1,92.8,106.8,183.0,194.8,217.4,180.9,0.0,27.3,28.4,241.0,258.2,289.3,233.5,180.9,155.1,60.6,164.8,178.7,215.2,203.4,224.9,131.5,198.0,185.2,96.0,188.4,175.5,201.3,218.5,115.3,224.9,263.6,342.0,114.3,110.0,150.8,40.2,122.9,103.5,71.3
S445BL,89.6,85.3,78.8,177.6,224.9,106.8,71.3,222.7,84.2,212.0,228.1,214.2,185.2,162.6,180.9,162.6,176.6,143.3,187.3,202.3,186.2,103.5,108.9,177.6,200.2,213.1,231.3,74.5,75.6,87.4,98.2,170.1,41.2,129.3,57.4,36.9,250.7,94.9,161.5,228.1,251.7,126.1,132.5,163.7,143.3,146.5,142.2,77.8,72.4,169.0,200.2,155.1,169.0,97.1,104.6,103.5,173.3,128.2,63.8,114.3,130.4,164.8,60.6,61.6,115.3,82.1,190.5,115.3,104.6,143.3,151.9,25.1,38.0,93.9,177.6,193.8,163.7,152.9,130.4,121.8,104.6,273.2,220.6,299.0,212.0,110.0,115.3,166.9,178.7,201.3,164.8,27.3,0.0,41.2,224.9,242.1,273.2,216.3,164.8,137.9,62.7,148.6,162.6,199.1,187.3,208.8,137.9,181.9,169.0,79.9,172.3,159.4,198.0,202.3,99.2,208.8,247.4,325.9,121.8,116.4,134.7,52.0,106.8,86.4,77.8
S752EP,111.1,107.8,101.4,200.2,247.4,83.1,41.2,245.3,61.6,234.6,250.7,236.7,207.7,185.2,203.4,185.2,151.9,154.0,209.9,224.9,207.7,88.5,93.9,194.8,207.7,235.6,253.9,97.1,98.2,110.0,85.3,192.7,63.8,104.6,53.1,29.4,273.2,117.5,184.1,250.7,274.3,102.5,154.0,186.2,165.8,169.0,164.8,73.5,42.3,178.7,209.9,177.6,191.6,83.1,90.6,89.6,149.7,104.6,85.3,99.2,115.3,149.7,69.2,31.6,137.9,65.9,213.1,137.9,127.2,117.5,127.2,47.7,60.6,116.4,199.1,202.3,172.3,175.5,152.9,130.4,113.2,295.8,243.2,321.6,234.6,86.4,101.4,189.5,201.3,223.8,186.2,28.4,41.2,0.0,247.4,264.6,295.8,238.9,187.3,158.3,55.2,171.2,184.1,221.7,209.9,231.3,113.2,204.5,191.6,91.7,194.8,181.9,194.8,224.9,120.7,230.3,270.0,348.4,96.0,91.7,157.2,21.9,129.3,108.9,53.1
SA148QF,154.0,152.9,161.5,113.2,155.1,251.7,270.0,212.0,239.9,241.0,258.2,243.2,226.0,98.2,110.0,97.1,328.0,247.4,59.5,41.2,49.8,180.9,194.8,246.4,270.0,261.4,279.7,172.3,174.4,163.7,204.5,226.0,197.0,335.5,263.6,243.2,175.5,154.0,216.3,158.3,180.9,265.7,117.5,179.8,195.9,180.9,98.2,284.0,259.3,277.5,290.4,185.2,199.1,231.3,203.4,237.8,311.9,267.9,191.6,163.7,203.4,197.0,250.7,267.9,208.8,231.3,231.3,218.5,200.2,349.5,358.1,216.3,204.5,204.5,72.4,337.7,310.8,207.7,165.8,274.3,234.6,202.3,218.5,289.3,202.3,249.6,249.6,163.7,208.8,231.3,232.4,241.0,224.9,246.4,0.0,33.7,64.9,18.7,210.9,216.3,230.3,180.9,126.1,188.4,176.6,163.7,344.1,251.7,238.9,189.5,212.0,198.0,97.1,132.5,180.9,249.6,176.6,255.0,328.0,322.6,201.3,258.2,129.3,163.7,284.0
SA312AF,171.2,170.1,178.7,129.3,171.2,224.9,243.2,229.2,214.2,258.2,275.4,260.3,243.2,114.3,127.2,114.3,302.2,264.6,76.7,58.4,65.9,170.1,185.2,263.6,286.1,277.5,296.9,189.5,191.6,179.8,185.2,243.2,213.1,351.6,280.7,260.3,192.7,171.2,232.4,174.4,198.0,238.9,133.6,197.0,213.1,198.0,114.3,300.1,232.4,294.7,307.6,201.3,216.3,193.8,193.8,199.1,286.1,241.0,207.7,154.0,193.8,172.3,266.8,244.2,226.0,204.5,248.5,234.6,217.4,365.6,375.3,232.4,221.7,221.7,89.6,354.8,326.9,223.8,181.9,290.4,251.7,219.5,234.6,305.4,218.5,222.7,218.5,179.8,224.9,248.5,248.5,257.1,241.0,263.6,33.7,0.0,45.5,35.9,228.1,233.5,207.7,197.0,142.2,205.6,193.8,179.8,361.3,267.9,256.0,205.6,229.2,214.2,72.4,148.6,157.2,265.7,193.8,272.2,344.1,339.8,217.4,275.4,146.5,180.9,301.2
SA612PZ,203.4,202.3,210.9,161.5,203.4,261.4,279.7,261.4,249.6,290.4,307.6,292.6,275.4,146.5,159.4,146.5,337.7,296.9,107.8,90.6,98.2,206.6,220.6,295.8,318.3,309.7,329.1,220.6,222.7,212.0,252.8,275.4,245.3,383.8,313.0,292.6,224.9,203.4,264.6,206.6,230.3,275.4,165.8,229.2,244.2,230.3,146.5,332.3,268.9,325.9,338.7,233.5,247.4,230.3,230.3,234.6,321.6,277.5,239.9,189.5,202.3,197.0,299.0,279.7,258.2,241.0,279.7,266.8,249.6,397.8,407.5,264.6,253.9,252.8,121.8,387.1,359.1,256.0,214.2,322.6,284.0,250.7,266.8,337.7,250.7,259.3,255.0,212.0,257.1,279.7,280.7,289.3,273.2,295.8,65.9,45.5,0.0,68.1,259.3,265.7,244.2,229.2,174.4,237.8,226.0,212.0,392.4,300.1,287.2,237.8,260.3,246.4,96.0,180.9,193.8,297.9,224.9,304.4,376.3,372.0,249.6,307.6,177.6,213.1,333.4
SA66NL,146.5,145.4,154.0,104.6,146.5,243.2,261.4,204.5,232.4,233.5,250.7,235.6,218.5,89.6,102.5,89.6,320.5,239.9,52.0,33.7,41.2,181.9,197.0,238.9,261.4,252.8,272.2,164.8,166.9,155.1,197.0,218.5,188.4,326.9,256.0,235.6,168.0,146.5,207.7,149.7,173.3,257.1,108.9,172.3,187.3,173.3,89.6,275.4,251.7,270.0,282.9,176.6,190.5,222.7,231.3,229.2,304.4,259.3,183.0,165.8,205.6,199.1,242.1,259.3,201.3,223.8,222.7,209.9,192.7,340.9,350.6,207.7,197.0,197.0,64.9,330.1,302.2,199.1,157.2,265.7,227.0,194.8,209.9,280.7,193.8,241.0,242.1,155.1,200.2,223.8,223.8,232.4,216.3,238.9,18.7,35.9,67.0,0.0,203.4,208.8,222.7,172.3,117.5,180.9,169.0,155.1,336.6,243.2,231.3,180.9,203.4,189.5,99.2,123.9,173.3,241.0,168.0,247.4,319.4,315.1,192.7,250.7,120.7,156.2,276.4
SE59RW,141.1,142.2,134.7,133.6,156.2,235.6,219.5,122.9,224.9,83.1,93.9,78.8,35.9,134.7,157.2,133.6,313.0,78.8,164.8,179.8,189.5,221.7,227.0,68.1,91.7,76.7,96.0,121.8,117.5,116.4,189.5,35.9,149.7,277.5,205.6,185.2,151.9,149.7,19.8,205.6,228.1,249.6,133.6,58.4,38.0,56.3,176.6,224.9,220.6,104.6,112.1,48.8,35.9,215.2,223.8,221.7,296.9,251.7,121.8,209.9,248.5,282.9,177.6,209.9,59.5,216.3,52.0,81.0,75.6,290.4,300.1,158.3,146.5,89.6,155.1,164.8,137.9,24.1,81.0,130.4,113.2,249.6,98.2,183.0,97.1,233.5,234.6,61.6,45.5,67.0,40.2,181.9,166.9,188.4,210.9,228.1,259.3,202.3,0.0,60.6,215.2,47.7,94.9,99.2,89.6,119.6,286.1,65.9,53.1,173.3,21.9,27.3,264.6,179.8,164.8,70.2,223.8,302.2,268.9,264.6,47.7,200.2,146.5,148.6,226.0
SG14AB,116.4,113.2,105.7,140.0,162.6,206.6,185.2,128.2,195.9,112.1,128.2,114.3,74.5,141.1,162.6,139.0,284.0,39.1,170.1,185.2,195.9,192.7,198.0,67.0,89.6,102.5,120.7,92.8,88.5,94.9,160.5,59.5,120.7,236.7,154.0,145.4,157.2,122.9,55.2,210.9,234.6,220.6,128.2,63.8,41.2,53.1,165.8,169.0,186.2,69.2,99.2,55.2,69.2,186.2,194.8,193.8,267.9,222.7,93.9,180.9,219.5,253.9,125.0,175.5,30.5,187.3,79.9,34.8,46.6,250.7,260.3,129.3,117.5,60.6,160.5,129.3,101.4,46.6,77.8,89.6,60.6,255.0,120.7,199.1,112.1,204.5,205.6,68.1,78.8,101.4,54.1,154.0,137.9,158.3,216.3,233.5,265.7,208.8,58.4,0.0,186.2,48.8,101.4,104.6,96.0,126.1,245.3,71.3,58.4,144.3,68.1,55.2,235.6,185.2,136.8,98.2,229.2,307.6,229.2,224.9,34.8,169.0,130.4,119.6,185.2
SK27JE,96.0,88.5,96.0,183.0,230.3,54.1,58.4,252.8,31.6,256.0,273.2,258.2,232.4,168.0,186.2,168.0,132.5,191.6,192.7,207.7,190.5,50.9,56.3,224.9,248.5,261.4,279.7,108.9,111.1,119.6,48.8,218.5,90.6,140.0,101.4,75.6,251.7,93.9,209.9,233.5,257.1,70.2,136.8,207.7,191.6,176.6,147.6,108.9,47.7,217.4,247.4,199.1,213.1,44.5,52.0,50.9,116.4,72.4,114.3,62.7,77.8,113.2,108.9,59.5,163.7,27.3,238.9,163.7,152.9,154.0,163.7,76.7,89.6,141.1,181.9,242.1,212.0,201.3,161.5,170.1,152.9,278.6,258.2,329.1,242.1,54.1,62.7,197.0,222.7,246.4,212.0,61.6,62.7,54.1,230.3,206.6,243.2,221.7,213.1,185.2,0.0,190.5,166.9,229.2,217.4,220.6,148.6,230.3,217.4,55.2,220.6,207.7,157.2,207.7,97.1,256.0,252.8,331.2,132.5,128.2,183.0,64.9,112.1,86.4,88.5
SL24HL,110.0,117.5,108.9,103.5,133.6,210.9,201.3,99.2,200.2,83.1,99.2,84.2,67.0,104.6,127.2,102.5,288.3,79.9,134.7,149.7,159.4,197.0,202.3,78.8,101.4,102.5,120.7,103.5,99.2,85.3,164.8,67.0,131.5,259.3,187.3,166.9,128.2,118.6,47.7,174.4,198.0,224.9,102.5,34.8,27.3,25.1,146.5,207.7,202.3,108.9,121.8,26.2,40.2,190.5,199.1,198.0,272.2,227.0,104.6,185.2,223.8,258.2,163.7,191.6,41.2,191.6,72.4,62.7,57.4,272.2,281.8,140.0,128.2,71.3,123.9,170.1,142.2,38.0,49.8,130.4,101.4,219.5,91.7,169.0,83.1,208.8,209.9,31.6,48.8,72.4,63.8,163.7,148.6,170.1,180.9,197.0,229.2,172.3,47.7,48.8,190.5,0.0,64.9,75.6,67.0,96.0,267.9,83.1,71.3,148.6,47.7,33.7,239.9,148.6,141.1,90.6,192.7,272.2,250.7,246.4,32.6,181.9,115.3,123.9,207.7
SN36BB,92.8,91.7,100.3,48.8,97.1,189.5,207.7,96.0,178.7,125.0,142.2,128.2,111.1,49.8,72.4,48.8,266.8,131.5,79.9,94.9,104.6,175.5,180.9,130.4,154.0,145.4,163.7,110.0,94.9,86.4,142.2,111.1,134.7,273.2,202.3,181.9,107.8,92.8,100.3,120.7,143.3,203.4,45.5,63.8,79.9,65.9,89.6,221.7,197.0,161.5,174.4,69.2,83.1,169.0,176.6,175.5,250.7,205.6,116.4,163.7,202.3,236.7,175.5,205.6,92.8,169.0,115.3,100.3,82.1,287.2,296.9,154.0,143.3,88.5,70.2,222.7,194.8,91.7,50.9,171.2,133.6,164.8,102.5,173.3,86.4,187.3,187.3,47.7,92.8,115.3,116.4,178.7,162.6,185.2,126.1,143.3,174.4,117.5,94.9,101.4,169.0,64.9,0.0,73.5,60.6,61.6,281.8,135.8,122.9,127.2,96.0,82.1,185.2,94.9,118.6,133.6,139.0,217.4,265.7,261.4,85.3,197.0,67.0,102.5,221.7
SO166YD,148.6,156.2,147.6,90.6,91.7,249.6,250.7,38.0,238.9,71.3,105.7,89.6,105.7,112.1,134.7,110.0,326.9,135.8,142.2,157.2,166.9,235.6,241.0,134.7,157.2,140.0,159.4,146.5,140.0,123.9,203.4,105.7,177.6,308.7,237.8,217.4,67.0,157.2,103.5,132.5,169.0,263.6,110.0,50.9,83.1,78.8,154.0,257.1,252.8,164.8,177.6,63.8,77.8,229.2,237.8,236.7,310.8,265.7,154.0,223.8,262.5,296.9,213.1,241.0,97.1,230.3,110.0,118.6,113.2,322.6,332.3,189.5,178.7,126.1,131.5,226.0,198.0,94.9,86.4,186.2,157.2,176.6,47.7,118.6,31.6,247.4,248.5,60.6,87.4,93.9,119.6,214.2,198.0,220.6,188.4,204.5,236.7,179.8,98.2,104.6,229.2,74.5,72.4,0.0,23.0,34.8,318.3,135.8,121.8,187.3,91.7,85.3,247.4,119.6,179.8,128.2,150.8,229.2,301.2,296.9,88.5,232.4,131.5,162.6,258.2
SO225DG,137.9,144.3,136.8,91.7,92.8,238.9,239.9,46.6,228.1,75.6,110.0,93.9,96.0,100.3,122.9,99.2,315.1,126.1,130.4,145.4,155.1,224.9,230.3,125.0,147.6,131.5,149.7,134.7,128.2,112.1,191.6,96.0,166.9,297.9,226.0,205.6,74.5,145.4,93.9,142.2,169.0,252.8,99.2,42.3,74.5,69.2,142.2,246.4,241.0,156.2,169.0,55.2,69.2,218.5,226.0,224.9,299.0,255.0,143.3,213.1,250.7,286.1,202.3,230.3,87.4,218.5,101.4,108.9,104.6,311.9,320.5,178.7,168.0,114.3,120.7,216.3,188.4,85.3,74.5,176.6,148.6,187.3,52.0,122.9,35.9,236.7,236.7,50.9,77.8,98.2,111.1,203.4,187.3,209.9,176.6,193.8,224.9,168.0,89.6,94.9,217.4,65.9,60.6,23.0,0.0,43.4,306.5,126.1,113.2,176.6,82.1,75.6,235.6,120.7,168.0,119.6,160.5,239.9,290.4,285.0,78.8,220.6,119.6,150.8,246.4
SP28BJ,146.5,145.4,161.5,65.9,67.0,243.2,264.6,38.0,232.4,90.6,126.1,110.0,126.1,87.4,100.3,84.2,320.5,156.2,117.5,132.5,142.2,229.2,234.6,155.1,177.6,160.5,179.8,160.5,152.9,137.9,195.9,126.1,191.6,322.6,251.7,231.3,55.2,146.5,123.9,117.5,144.3,257.1,100.3,71.3,103.5,99.2,143.3,271.1,251.7,185.2,198.0,84.2,99.2,222.7,231.3,229.2,304.4,259.3,168.0,217.4,256.0,290.4,227.0,255.0,117.5,222.7,131.5,139.0,133.6,336.6,346.3,203.4,192.7,140.0,107.8,246.4,218.5,115.3,100.3,206.6,177.6,161.5,68.1,139.0,52.0,241.0,242.1,81.0,107.8,114.3,140.0,228.1,212.0,234.6,163.7,180.9,212.0,155.1,118.6,125.0,222.7,94.9,61.6,35.9,43.4,0.0,332.3,156.2,142.2,180.9,112.1,105.7,222.7,94.9,172.3,148.6,135.8,214.2,315.1,310.8,108.9,246.4,120.7,156.2,272.2
SR47TP,208.8,204.5,198.0,296.9,344.1,137.9,111.1,342.0,139.0,331.2,348.4,333.4,304.4,281.8,300.1,281.8,90.6,241.0,306.5,321.6,305.4,177.6,183.0,281.8,294.7,332.3,350.6,194.8,195.9,206.6,177.6,289.3,160.5,25.1,131.5,116.4,371.0,214.2,280.7,348.4,371.0,156.2,251.7,282.9,262.5,265.7,261.4,139.0,119.6,265.7,296.9,274.3,288.3,160.5,168.0,166.9,146.5,127.2,183.0,188.4,204.5,238.9,156.2,102.5,234.6,143.3,309.7,235.6,223.8,25.1,31.6,144.3,157.2,213.1,296.9,289.3,259.3,272.2,250.7,217.4,200.2,392.4,340.9,418.2,331.2,140.0,178.7,286.1,297.9,321.6,282.9,130.4,137.9,113.2,344.1,361.3,393.5,336.6,284.0,245.3,148.6,267.9,281.8,318.3,306.5,328.0,0.0,301.2,288.3,184.1,291.5,278.6,284.0,322.6,218.5,326.9,366.7,445.1,41.2,46.6,253.9,105.7,226.0,206.6,92.8
SS00RY,161.5,157.2,150.8,174.4,192.7,251.7,234.6,159.4,241.0,105.7,116.4,101.4,54.1,175.5,198.0,174.4,329.1,77.8,205.6,220.6,230.3,237.8,243.2,36.9,55.2,82.1,101.4,136.8,132.5,139.0,204.5,40.2,165.8,292.6,209.9,201.3,187.3,166.9,56.3,246.4,268.9,265.7,163.7,93.9,72.4,88.5,209.9,226.0,236.7,96.0,75.6,81.0,74.5,231.3,238.9,237.8,313.0,267.9,137.9,226.0,264.6,299.0,180.9,224.9,74.5,231.3,59.5,96.0,91.7,306.5,316.2,173.3,162.6,105.7,195.9,137.9,123.9,67.0,112.1,130.4,117.5,290.4,120.7,216.3,129.3,249.6,249.6,102.5,70.2,89.6,40.2,198.0,181.9,204.5,251.7,268.9,300.1,243.2,65.9,72.4,230.3,83.1,135.8,135.8,126.1,156.2,302.2,0.0,23.0,189.5,75.6,77.8,280.7,220.6,180.9,77.8,264.6,343.0,285.0,280.7,70.2,216.3,174.4,163.7,242.1
SS165NL,147.6,144.3,137.9,161.5,179.8,238.9,221.7,146.5,227.0,92.8,103.5,88.5,41.2,162.6,185.2,161.5,315.1,64.9,192.7,207.7,217.4,224.9,230.3,33.7,52.0,69.2,88.5,123.9,119.6,126.1,191.6,27.3,152.9,279.7,197.0,188.4,174.4,154.0,43.4,233.5,256.0,252.8,150.8,81.0,59.5,75.6,197.0,213.1,223.8,90.6,73.5,68.1,61.6,218.5,226.0,224.9,299.0,255.0,125.0,213.1,250.7,286.1,168.0,212.0,61.6,218.5,46.6,83.1,78.8,293.6,303.3,160.5,149.7,92.8,183.0,135.8,123.9,54.1,99.2,117.5,104.6,277.5,107.8,203.4,116.4,236.7,236.7,89.6,57.4,76.7,27.3,185.2,169.0,191.6,238.9,256.0,287.2,230.3,54.1,59.5,217.4,70.2,122.9,122.9,113.2,143.3,288.3,23.0,0.0,176.6,62.7,64.9,267.9,206.6,168.0,64.9,251.7,330.1,272.2,267.9,56.3,203.4,161.5,150.8,229.2
ST46QG,55.2,47.7,55.2,142.2,189.5,76.7,94.9,212.0,64.9,215.2,232.4,217.4,191.6,127.2,145.4,127.2,152.9,150.8,151.9,166.9,149.7,62.7,68.1,184.1,207.7,220.6,238.9,68.1,70.2,78.8,29.4,177.6,46.6,176.6,118.6,98.2,210.9,53.1,169.0,192.7,216.3,90.6,96.0,166.9,150.8,135.8,106.8,137.9,84.2,176.6,206.6,158.3,172.3,56.3,63.8,62.7,136.8,92.8,79.9,57.4,88.5,123.9,114.3,96.0,122.9,56.3,198.0,122.9,112.1,190.5,199.1,70.2,67.0,100.3,141.1,236.7,208.8,160.5,120.7,157.2,130.4,237.8,217.4,288.3,201.3,74.5,74.5,156.2,181.9,205.6,171.2,94.9,78.8,91.7,189.5,206.6,237.8,180.9,172.3,144.3,55.2,149.7,126.1,188.4,176.6,179.8,185.2,189.5,176.6,0.0,179.8,166.9,142.2,166.9,56.3,215.2,212.0,290.4,169.0,163.7,142.2,100.3,71.3,45.5,125.0
SW170QT,140.0,145.4,139.0,132.5,148.6,239.9,222.7,115.3,228.1,78.8,89.6,74.5,35.9,133.6,156.2,132.5,316.2,86.4,163.7,178.7,189.5,226.0,231.3,76.7,99.2,86.4,104.6,125.0,120.7,115.3,192.7,45.5,154.0,280.7,209.9,189.5,143.3,148.6,27.3,204.5,227.0,253.9,132.5,50.9,36.9,55.2,175.5,229.2,224.9,112.1,119.6,38.0,26.2,219.5,227.0,226.0,300.1,256.0,126.1,214.2,251.7,287.2,183.0,213.1,62.7,219.5,62.7,84.2,79.9,294.7,304.4,161.5,150.8,93.9,154.0,173.3,145.4,30.5,79.9,139.0,119.6,248.5,93.9,172.3,86.4,237.8,237.8,61.6,39.1,62.7,47.7,186.2,170.1,192.7,209.9,227.0,259.3,202.3,20.8,65.9,218.5,46.6,93.9,91.7,82.1,112.1,290.4,75.6,61.6,177.6,0.0,19.8,268.9,178.7,169.0,79.9,222.7,301.2,273.2,268.9,52.0,204.5,145.4,151.9,230.3
SW66SX,126.1,133.6,125.0,118.6,142.2,227.0,210.9,107.8,216.3,79.9,97.1,82.1,42.3,119.6,142.2,118.6,304.4,85.3,149.7,164.8,174.4,213.1,218.5,79.9,103.5,89.6,108.9,113.2,108.9,101.4,180.9,48.8,142.2,268.9,198.0,177.6,136.8,134.7,28.4,190.5,213.1,241.0,118.6,43.4,25.1,41.2,161.5,217.4,213.1,115.3,123.9,33.7,29.4,206.6,215.2,214.2,288.3,243.2,114.3,202.3,239.9,275.4,171.2,201.3,50.9,207.7,63.8,73.5,68.1,282.9,292.6,149.7,139.0,82.1,140.0,175.5,147.6,21.9,65.9,135.8,107.8,234.6,94.9,172.3,85.3,224.9,226.0,47.7,46.6,69.2,48.8,174.4,158.3,180.9,195.9,213.1,245.3,188.4,24.1,54.1,206.6,32.6,79.9,84.2,75.6,104.6,278.6,76.7,62.7,164.8,20.8,0.0,256.0,164.8,157.2,82.1,208.8,287.2,261.4,257.1,40.2,192.7,131.5,140.0,218.5
SY231ER,146.5,139.0,146.5,172.3,214.2,174.4,193.8,271.1,163.7,300.1,317.3,302.2,284.0,156.2,169.0,156.2,251.7,242.1,135.8,121.8,111.1,126.1,130.4,275.4,299.0,311.9,330.1,159.4,161.5,170.1,141.1,268.9,163.7,275.4,235.6,215.2,234.6,143.3,260.3,217.4,239.9,188.4,148.6,238.9,242.1,227.0,105.7,244.2,183.0,267.9,297.9,244.2,258.2,143.3,139.0,147.6,235.6,190.5,178.7,108.9,114.3,107.8,230.3,193.8,214.2,155.1,289.3,214.2,203.4,288.3,297.9,188.4,184.1,192.7,122.9,328.0,301.2,251.7,212.0,261.4,221.7,261.4,277.5,348.4,261.4,172.3,169.0,222.7,266.8,290.4,262.5,200.2,197.0,193.8,97.1,72.4,96.0,99.2,263.6,236.7,157.2,241.0,185.2,247.4,235.6,222.7,284.0,280.7,267.9,142.2,271.1,258.2,0.0,191.6,113.2,306.5,235.6,314.0,266.8,262.5,233.5,199.1,134.7,133.6,223.8
TA15DA,132.5,131.5,140.0,82.1,43.4,230.3,248.5,105.7,218.5,175.5,210.9,193.8,195.9,65.9,39.1,64.9,306.5,216.3,86.4,101.4,111.1,216.3,221.7,215.2,238.9,230.3,248.5,150.8,152.9,134.7,183.0,195.9,174.4,314.0,242.1,221.7,64.9,132.5,185.2,42.3,65.9,244.2,86.4,136.8,164.8,150.8,114.3,262.5,237.8,246.4,259.3,154.0,168.0,209.9,217.4,216.3,290.4,246.4,170.1,204.5,242.1,277.5,229.2,246.4,177.6,209.9,200.2,187.3,169.0,326.9,336.6,194.8,183.0,175.5,76.7,307.6,279.7,176.6,134.7,251.7,213.1,87.4,151.9,222.7,135.8,228.1,228.1,132.5,177.6,200.2,201.3,219.5,203.4,224.9,132.5,149.7,180.9,123.9,179.8,186.2,208.8,149.7,94.9,119.6,120.7,94.9,322.6,220.6,207.7,168.0,180.9,166.9,191.6,0.0,159.4,218.5,61.6,140.0,305.4,301.2,170.1,236.7,107.8,142.2,262.5
TF16TF,46.6,39.1,46.6,133.6,180.9,117.5,136.8,203.4,106.8,207.7,223.8,208.8,184.1,118.6,136.8,118.6,194.8,142.2,143.3,158.3,142.2,63.8,75.6,175.5,199.1,212.0,230.3,59.5,61.6,70.2,55.2,169.0,63.8,207.7,136.8,115.3,202.3,43.4,160.5,185.2,207.7,131.5,88.5,159.4,142.2,127.2,82.1,156.2,126.1,168.0,198.0,149.7,164.8,84.2,85.3,89.6,178.7,133.6,78.8,58.4,99.2,133.6,130.4,136.8,114.3,98.2,189.5,114.3,103.5,221.7,231.3,88.5,84.2,92.8,133.6,228.1,201.3,151.9,112.1,161.5,121.8,229.2,209.9,280.7,193.8,115.3,116.4,148.6,173.3,197.0,162.6,113.2,97.1,119.6,180.9,158.3,193.8,173.3,163.7,136.8,97.1,141.1,118.6,179.8,168.0,171.2,216.3,180.9,168.0,55.2,171.2,158.3,113.2,158.3,0.0,206.6,203.4,281.8,200.2,195.9,133.6,131.5,62.7,33.7,156.2
TN240LZ,184.1,185.2,177.6,172.3,186.2,278.6,262.5,152.9,267.9,99.2,76.7,94.9,56.3,173.3,195.9,172.3,355.9,104.6,203.4,218.5,228.1,264.6,270.0,82.1,104.6,30.5,55.2,164.8,160.5,159.4,232.4,46.6,192.7,320.5,237.8,228.1,180.9,192.7,69.2,244.2,266.8,292.6,172.3,88.5,99.2,99.2,215.2,252.8,263.6,131.5,126.1,75.6,69.2,258.2,266.8,265.7,339.8,294.7,165.8,252.8,291.5,325.9,208.8,252.8,102.5,259.3,32.6,123.9,118.6,333.4,343.0,201.3,189.5,132.5,193.8,191.6,164.8,79.9,123.9,157.2,144.3,288.3,115.3,209.9,123.9,276.4,277.5,101.4,63.8,83.1,67.0,224.9,209.9,231.3,249.6,266.8,297.9,242.1,70.2,99.2,258.2,90.6,133.6,129.3,119.6,149.7,329.1,78.8,65.9,216.3,81.0,82.1,307.6,218.5,208.8,0.0,262.5,340.9,311.9,307.6,97.1,243.2,189.5,191.6,268.9
TQ27AA,176.6,175.5,184.1,126.1,83.1,273.2,292.6,131.5,262.5,206.6,241.0,224.9,238.9,108.9,83.1,107.8,350.6,260.3,130.4,145.4,155.1,259.3,264.6,259.3,281.8,274.3,292.6,194.8,197.0,178.7,227.0,238.9,218.5,357.0,286.1,265.7,91.7,176.6,228.1,32.6,85.3,287.2,130.4,176.6,208.8,193.8,158.3,305.4,281.8,290.4,303.3,197.0,212.0,252.8,261.4,260.3,334.4,289.3,213.1,247.4,286.1,320.5,272.2,289.3,221.7,253.9,244.2,230.3,213.1,371.0,380.6,237.8,227.0,218.5,119.6,350.6,322.6,219.5,178.7,295.8,257.1,52.0,183.0,253.9,166.9,271.1,272.2,175.5,220.6,244.2,245.3,262.5,246.4,268.9,176.6,192.7,224.9,168.0,223.8,229.2,252.8,192.7,139.0,150.8,160.5,135.8,366.7,263.6,251.7,210.9,224.9,210.9,235.6,60.6,203.4,262.5,0.0,114.3,349.5,345.2,213.1,280.7,150.8,186.2,306.5
TR13LQ,256.0,255.0,263.6,204.5,162.6,352.7,371.0,210.9,342.0,285.0,320.5,304.4,318.3,188.4,161.5,187.3,430.0,339.8,208.8,223.8,234.6,338.7,344.1,338.7,361.3,352.7,372.0,273.2,275.4,257.1,305.4,318.3,297.9,436.5,365.6,344.1,171.2,255.0,307.6,108.9,112.1,366.7,208.8,256.0,287.2,273.2,236.7,384.9,360.2,368.8,381.7,276.4,290.4,332.3,339.8,338.7,413.9,368.8,292.6,326.9,365.6,400.0,351.6,368.8,301.2,332.3,322.6,309.7,292.6,450.4,460.1,317.3,306.5,297.9,199.1,430.0,402.1,299.0,257.1,375.3,335.5,75.6,262.5,332.3,245.3,350.6,350.6,255.0,300.1,322.6,323.7,342.0,325.9,348.4,255.0,272.2,304.4,247.4,302.2,308.7,331.2,272.2,217.4,230.3,239.9,214.2,445.1,343.0,330.1,290.4,303.3,289.3,315.1,139.0,281.8,340.9,116.4,0.0,429.0,424.7,292.6,360.2,230.3,264.6,384.9
TS198PE,197.0,192.7,186.2,285.0,332.3,126.1,99.2,330.1,127.2,319.4,336.6,321.6,292.6,270.0,288.3,270.0,110.0,229.2,294.7,309.7,293.6,165.8,171.2,270.0,282.9,320.5,338.7,183.0,183.0,194.8,165.8,277.5,148.6,32.6,119.6,103.5,359.1,202.3,268.9,336.6,359.1,144.3,239.9,271.1,250.7,253.9,249.6,127.2,107.8,253.9,285.0,262.5,276.4,148.6,156.2,155.1,134.7,115.3,171.2,176.6,192.7,227.0,144.3,90.6,222.7,131.5,297.9,222.7,212.0,46.6,56.3,132.5,145.4,201.3,285.0,277.5,247.4,260.3,238.9,205.6,188.4,380.6,329.1,406.4,319.4,128.2,166.9,274.3,286.1,308.7,271.1,118.6,126.1,101.4,332.3,349.5,380.6,324.8,272.2,233.5,136.8,256.0,270.0,306.5,294.7,316.2,41.2,289.3,276.4,172.3,279.7,266.8,272.2,310.8,206.6,315.1,354.8,433.3,0.0,21.9,242.1,93.9,214.2,194.8,69.2
TS43BW,188.4,185.2,177.6,277.5,324.8,121.8,90.6,321.6,118.6,311.9,328.0,313.0,284.0,261.4,279.7,261.4,114.3,220.6,286.1,301.2,285.0,157.2,162.6,261.4,275.4,311.9,331.2,174.4,175.5,186.2,158.3,270.0,141.1,44.5,111.1,96.0,350.6,194.8,261.4,328.0,351.6,148.6,231.3,263.6,243.2,245.3,242.1,118.6,100.3,246.4,276.4,253.9,268.9,140.0,148.6,147.6,137.9,119.6,162.6,169.0,184.1,218.5,136.8,82.1,215.2,122.9,289.3,215.2,203.4,58.4,63.8,125.0,137.9,192.7,276.4,270.0,238.9,252.8,230.3,197.0,180.9,372.0,320.5,397.8,311.9,131.5,159.4,266.8,277.5,301.2,263.6,110.0,117.5,92.8,324.8,340.9,373.1,316.2,263.6,224.9,128.2,247.4,261.4,297.9,286.1,308.7,46.6,280.7,268.9,164.8,272.2,259.3,263.6,302.2,198.0,307.6,346.3,424.7,21.9,0.0,234.6,85.3,206.6,186.2,64.9
WD180HB,113.2,110.0,103.5,123.9,146.5,204.5,187.3,112.1,192.7,96.0,112.1,97.1,72.4,125.0,146.5,122.9,280.7,65.9,154.0,169.0,179.8,190.5,195.9,64.9,87.4,101.4,119.6,89.6,85.3,91.7,157.2,58.4,118.6,245.3,174.4,154.0,141.1,119.6,43.4,194.8,218.5,218.5,112.1,47.7,19.8,36.9,152.9,193.8,189.5,96.0,108.9,39.1,53.1,184.1,191.6,190.5,264.6,220.6,90.6,178.7,216.3,251.7,149.7,177.6,27.3,184.1,78.8,48.8,44.5,259.3,268.9,126.1,115.3,58.4,144.3,156.2,128.2,34.8,61.6,116.4,88.5,238.9,104.6,183.0,96.0,202.3,202.3,52.0,62.7,85.3,49.8,150.8,134.7,157.2,200.2,217.4,249.6,192.7,46.6,34.8,183.0,31.6,85.3,88.5,79.9,108.9,253.9,69.2,57.4,142.2,54.1,41.2,233.5,169.0,133.6,96.0,213.1,291.5,237.8,233.5,0.0,169.0,127.2,116.4,194.8
WF14DG,122.9,118.6,112.1,210.9,258.2,75.6,33.7,256.0,54.1,245.3,262.5,247.4,218.5,195.9,214.2,195.9,145.4,164.8,220.6,235.6,219.5,92.8,98.2,205.6,219.5,246.4,265.7,108.9,110.0,120.7,92.8,204.5,74.5,97.1,55.2,40.2,285.0,128.2,194.8,262.5,285.0,96.0,165.8,197.0,176.6,179.8,175.5,62.7,34.8,190.5,220.6,188.4,202.3,75.6,83.1,82.1,142.2,98.2,97.1,103.5,119.6,154.0,81.0,24.1,148.6,58.4,223.8,149.7,137.9,111.1,120.7,58.4,71.3,127.2,210.9,214.2,184.1,186.2,164.8,141.1,125.0,306.5,255.0,332.3,245.3,79.9,93.9,200.2,212.0,235.6,198.0,39.1,52.0,21.9,258.2,275.4,307.6,250.7,198.0,169.0,63.8,181.9,195.9,232.4,220.6,242.1,105.7,215.2,203.4,99.2,205.6,192.7,199.1,236.7,132.5,242.1,280.7,359.1,89.6,84.2,168.0,0.0,140.0,120.7,45.5
WR51DD,35.9,34.8,43.4,82.1,129.3,133.6,151.9,155.1,121.8,180.9,197.0,183.0,165.8,67.0,85.3,67.0,209.9,136.8,91.7,106.8,89.6,119.6,125.0,170.1,192.7,200.2,218.5,54.1,56.3,44.5,86.4,163.7,77.8,217.4,145.4,125.0,150.8,35.9,144.3,132.5,156.2,147.6,35.9,121.8,123.9,101.4,45.5,165.8,141.1,162.6,192.7,123.9,137.9,113.2,120.7,119.6,193.8,149.7,73.5,107.8,145.4,180.9,132.5,149.7,107.8,113.2,170.1,108.9,92.8,230.3,239.9,98.2,86.4,86.4,81.0,222.7,194.8,134.7,85.3,155.1,116.4,177.6,160.5,231.3,144.3,131.5,131.5,105.7,147.6,170.1,157.2,121.8,106.8,128.2,129.3,146.5,177.6,120.7,145.4,130.4,112.1,115.3,67.0,131.5,118.6,119.6,226.0,174.4,162.6,71.3,145.4,132.5,134.7,106.8,62.7,188.4,151.9,230.3,208.8,204.5,126.1,140.0,0.0,45.5,165.8
WV100QP,29.4,20.8,29.4,117.5,164.8,108.9,128.2,187.3,98.2,190.5,206.6,192.7,166.9,102.5,120.7,101.4,186.2,126.1,126.1,141.1,125.0,84.2,100.3,159.4,181.9,194.8,214.2,43.4,45.5,54.1,62.7,152.9,53.1,195.9,125.0,104.6,186.2,21.9,143.3,168.0,191.6,122.9,71.3,142.2,126.1,111.1,82.1,144.3,117.5,151.9,181.9,133.6,147.6,88.5,97.1,96.0,170.1,125.0,61.6,78.8,121.8,156.2,117.5,128.2,97.1,89.6,172.3,98.2,86.4,209.9,219.5,76.7,72.4,75.6,116.4,212.0,184.1,135.8,94.9,144.3,105.7,212.0,192.7,263.6,176.6,106.8,107.8,131.5,157.2,179.8,146.5,101.4,85.3,107.8,164.8,180.9,213.1,156.2,146.5,119.6,88.5,125.0,101.4,163.7,151.9,155.1,205.6,163.7,151.9,46.6,155.1,142.2,133.6,142.2,33.7,190.5,186.2,265.7,188.4,184.1,117.5,119.6,46.6,0.0,145.4
YO318HE,150.8,146.5,140.0,238.9,286.1,102.5,60.6,284.0,81.0,273.2,289.3,275.4,245.3,223.8,242.1,223.8,133.6,181.9,248.5,263.6,247.4,119.6,125.0,223.8,236.7,274.3,292.6,135.8,136.8,148.6,119.6,231.3,102.5,85.3,67.0,57.4,311.9,156.2,222.7,289.3,313.0,121.8,193.8,224.9,204.5,207.7,203.4,63.8,61.6,207.7,237.8,216.3,230.3,102.5,110.0,108.9,142.2,123.9,125.0,130.4,146.5,180.9,98.2,44.5,176.6,85.3,251.7,176.6,165.8,99.2,108.9,86.4,99.2,155.1,238.9,231.3,201.3,214.2,191.6,159.4,142.2,334.4,281.8,360.2,273.2,105.7,120.7,228.1,239.9,262.5,224.9,72.4,79.9,55.2,286.1,303.3,334.4,277.5,226.0,187.3,90.6,209.9,223.8,260.3,248.5,270.0,93.9,243.2,230.3,126.1,233.5,220.6,224.9,263.6,160.5,268.9,308.7,387.1,70.2,65.9,195.9,47.7,168.0,147.6,0.0
